percentile_rank,metric_value,branch,load_type,total_count
0.0,115.0,control,ERROR,22
0.01,115.0,control,ERROR,22
0.02,115.0,control,ERROR,22
0.03,115.0,control,ERROR,22
0.04,115.0,control,ERROR,22
0.05,188.0,control,ERROR,22
0.06,188.0,control,ERROR,22
0.07,188.0,control,ERROR,22
0.08,188.0,control,ERROR,22
0.09,188.0,control,ERROR,22
0.1,213.0,control,ERROR,22
0.11,213.0,control,ERROR,22
0.12,213.0,control,ERROR,22
0.13,213.0,control,ERROR,22
0.14,234.0,control,ERROR,22
0.15,234.0,control,ERROR,22
0.16,234.0,control,ERROR,22
0.17,234.0,control,ERROR,22
0.18,234.0,control,ERROR,22
0.19,281.0,control,ERROR,22
0.2,281.0,control,ERROR,22
0.21,281.0,control,ERROR,22
0.22,281.0,control,ERROR,22
0.23,350.0,control,ERROR,22
0.24,350.0,control,ERROR,22
0.25,350.0,control,ERROR,22
0.26,350.0,control,ERROR,22
0.27,350.0,control,ERROR,22
0.28,949.0,control,ERROR,22
0.29,949.0,control,ERROR,22
0.3,949.0,control,ERROR,22
0.31,949.0,control,ERROR,22
0.32,951.0,control,ERROR,22
0.33,951.0,control,ERROR,22
0.34,951.0,control,ERROR,22
0.35,951.0,control,ERROR,22
0.36,951.0,control,ERROR,22
0.37,1068.0,control,ERROR,22
0.38,1068.0,control,ERROR,22
0.39,1068.0,control,ERROR,22
0.4,1068.0,control,ERROR,22
0.41,1303.0,control,ERROR,22
0.42,1303.0,control,ERROR,22
0.43,1303.0,control,ERROR,22
0.44,1303.0,control,ERROR,22
0.45,1303.0,control,ERROR,22
0.46,1415.0,control,ERROR,22
0.47,1415.0,control,ERROR,22
0.48,1415.0,control,ERROR,22
0.49,1415.0,control,ERROR,22
0.5,1415.0,control,ERROR,22
0.51,2151.0,control,ERROR,22
0.52,2151.0,control,ERROR,22
0.53,2151.0,control,ERROR,22
0.54,2151.0,control,ERROR,22
0.55,2758.0,control,ERROR,22
0.56,2758.0,control,ERROR,22
0.57,2758.0,control,ERROR,22
0.58,2758.0,control,ERROR,22
0.59,2758.0,control,ERROR,22
0.6,2816.0,control,ERROR,22
0.61,2816.0,control,ERROR,22
0.62,2816.0,control,ERROR,22
0.63,2816.0,control,ERROR,22
0.64,3893.0,control,ERROR,22
0.65,3893.0,control,ERROR,22
0.66,3893.0,control,ERROR,22
0.67,3893.0,control,ERROR,22
0.68,3893.0,control,ERROR,22
0.69,4216.0,control,ERROR,22
0.7,4216.0,control,ERROR,22
0.71,4216.0,control,ERROR,22
0.72,4216.0,control,ERROR,22
0.73,5686.0,control,ERROR,22
0.74,5686.0,control,ERROR,22
0.75,5686.0,control,ERROR,22
0.76,5686.0,control,ERROR,22
0.77,5686.0,control,ERROR,22
0.78,8154.0,control,ERROR,22
0.79,8154.0,control,ERROR,22
0.8,8154.0,control,ERROR,22
0.81,8154.0,control,ERROR,22
0.82,11287.0,control,ERROR,22
0.83,11287.0,control,ERROR,22
0.84,11287.0,control,ERROR,22
0.85,11287.0,control,ERROR,22
0.86,11287.0,control,ERROR,22
0.87,30352.0,control,ERROR,22
0.88,30352.0,control,ERROR,22
0.89,30352.0,control,ERROR,22
0.9,30352.0,control,ERROR,22
0.91,32486.0,control,ERROR,22
0.92,32486.0,control,ERROR,22
0.93,32486.0,control,ERROR,22
0.94,32486.0,control,ERROR,22
0.95,32486.0,control,ERROR,22
0.96,54442.0,control,ERROR,22
0.97,54442.0,control,ERROR,22
0.98,54442.0,control,ERROR,22
0.99,54442.0,control,ERROR,22
1.0,54442.0,control,ERROR,22
0.0,60.0,treatment-a,ERROR,48
0.01,60.0,treatment-a,ERROR,48
0.02,60.0,treatment-a,ERROR,48
0.03,79.0,treatment-a,ERROR,48
0.04,79.0,treatment-a,ERROR,48
0.05,100.0,treatment-a,ERROR,48
0.06,100.0,treatment-a,ERROR,48
0.07,105.0,treatment-a,ERROR,48
0.08,105.0,treatment-a,ERROR,48
0.09,122.0,treatment-a,ERROR,48
0.1,122.0,treatment-a,ERROR,48
0.11,123.0,treatment-a,ERROR,48
0.12,123.0,treatment-a,ERROR,48
0.13,198.0,treatment-a,ERROR,48
0.14,198.0,treatment-a,ERROR,48
0.15,218.0,treatment-a,ERROR,48
0.16,218.0,treatment-a,ERROR,48
0.17,343.0,treatment-a,ERROR,48
0.18,343.0,treatment-a,ERROR,48
0.19,378.0,treatment-a,ERROR,48
0.2,378.0,treatment-a,ERROR,48
0.21,437.0,treatment-a,ERROR,48
0.22,437.0,treatment-a,ERROR,48
0.23,446.0,treatment-a,ERROR,48
0.24,446.0,treatment-a,ERROR,48
0.25,446.0,treatment-a,ERROR,48
0.26,555.0,treatment-a,ERROR,48
0.27,555.0,treatment-a,ERROR,48
0.28,572.0,treatment-a,ERROR,48
0.29,572.0,treatment-a,ERROR,48
0.3,606.0,treatment-a,ERROR,48
0.31,606.0,treatment-a,ERROR,48
0.32,616.0,treatment-a,ERROR,48
0.33,616.0,treatment-a,ERROR,48
0.34,648.0,treatment-a,ERROR,48
0.35,648.0,treatment-a,ERROR,48
0.36,726.0,treatment-a,ERROR,48
0.37,726.0,treatment-a,ERROR,48
0.38,764.0,treatment-a,ERROR,48
0.39,764.0,treatment-a,ERROR,48
0.4,866.0,treatment-a,ERROR,48
0.41,866.0,treatment-a,ERROR,48
0.42,871.0,treatment-a,ERROR,48
0.43,871.0,treatment-a,ERROR,48
0.44,917.0,treatment-a,ERROR,48
0.45,917.0,treatment-a,ERROR,48
0.46,919.0,treatment-a,ERROR,48
0.47,919.0,treatment-a,ERROR,48
0.48,945.0,treatment-a,ERROR,48
0.49,945.0,treatment-a,ERROR,48
0.5,945.0,treatment-a,ERROR,48
0.51,971.0,treatment-a,ERROR,48
0.52,971.0,treatment-a,ERROR,48
0.53,991.0,treatment-a,ERROR,48
0.54,991.0,treatment-a,ERROR,48
0.55,1153.0,treatment-a,ERROR,48
0.56,1153.0,treatment-a,ERROR,48
0.57,1286.0,treatment-a,ERROR,48
0.58,1286.0,treatment-a,ERROR,48
0.59,1343.0,treatment-a,ERROR,48
0.6,1343.0,treatment-a,ERROR,48
0.61,1354.0,treatment-a,ERROR,48
0.62,1354.0,treatment-a,ERROR,48
0.63,1507.0,treatment-a,ERROR,48
0.64,1507.0,treatment-a,ERROR,48
0.65,1576.0,treatment-a,ERROR,48
0.66,1576.0,treatment-a,ERROR,48
0.67,1590.0,treatment-a,ERROR,48
0.68,1590.0,treatment-a,ERROR,48
0.69,1732.0,treatment-a,ERROR,48
0.7,1732.0,treatment-a,ERROR,48
0.71,1811.0,treatment-a,ERROR,48
0.72,1811.0,treatment-a,ERROR,48
0.73,2051.0,treatment-a,ERROR,48
0.74,2051.0,treatment-a,ERROR,48
0.75,2051.0,treatment-a,ERROR,48
0.76,2172.0,treatment-a,ERROR,48
0.77,2172.0,treatment-a,ERROR,48
0.78,2482.0,treatment-a,ERROR,48
0.79,2482.0,treatment-a,ERROR,48
0.8,2730.0,treatment-a,ERROR,48
0.81,2730.0,treatment-a,ERROR,48
0.82,3089.0,treatment-a,ERROR,48
0.83,3089.0,treatment-a,ERROR,48
0.84,3750.0,treatment-a,ERROR,48
0.85,3750.0,treatment-a,ERROR,48
0.86,4987.0,treatment-a,ERROR,48
0.87,4987.0,treatment-a,ERROR,48
0.88,5247.0,treatment-a,ERROR,48
0.89,5247.0,treatment-a,ERROR,48
0.9,5266.0,treatment-a,ERROR,48
0.91,5266.0,treatment-a,ERROR,48
0.92,7417.0,treatment-a,ERROR,48
0.93,7417.0,treatment-a,ERROR,48
0.94,9170.0,treatment-a,ERROR,48
0.95,9170.0,treatment-a,ERROR,48
0.96,9989.0,treatment-a,ERROR,48
0.97,9989.0,treatment-a,ERROR,48
0.98,37236.0,treatment-a,ERROR,48
0.99,37236.0,treatment-a,ERROR,48
1.0,37236.0,treatment-a,ERROR,48
0.0,37.0,treatment-b,ERROR,39
0.01,37.0,treatment-b,ERROR,39
0.02,37.0,treatment-b,ERROR,39
0.03,66.0,treatment-b,ERROR,39
0.04,66.0,treatment-b,ERROR,39
0.05,66.0,treatment-b,ERROR,39
0.06,69.0,treatment-b,ERROR,39
0.07,69.0,treatment-b,ERROR,39
0.08,114.0,treatment-b,ERROR,39
0.09,114.0,treatment-b,ERROR,39
0.1,114.0,treatment-b,ERROR,39
0.11,142.0,treatment-b,ERROR,39
0.12,142.0,treatment-b,ERROR,39
0.13,175.0,treatment-b,ERROR,39
0.14,175.0,treatment-b,ERROR,39
0.15,175.0,treatment-b,ERROR,39
0.16,202.0,treatment-b,ERROR,39
0.17,202.0,treatment-b,ERROR,39
0.18,206.0,treatment-b,ERROR,39
0.19,206.0,treatment-b,ERROR,39
0.2,206.0,treatment-b,ERROR,39
0.21,206.0,treatment-b,ERROR,39
0.22,206.0,treatment-b,ERROR,39
0.23,206.0,treatment-b,ERROR,39
0.24,210.0,treatment-b,ERROR,39
0.25,210.0,treatment-b,ERROR,39
0.26,220.0,treatment-b,ERROR,39
0.27,220.0,treatment-b,ERROR,39
0.28,220.0,treatment-b,ERROR,39
0.29,304.0,treatment-b,ERROR,39
0.3,304.0,treatment-b,ERROR,39
0.31,397.0,treatment-b,ERROR,39
0.32,397.0,treatment-b,ERROR,39
0.33,397.0,treatment-b,ERROR,39
0.34,410.0,treatment-b,ERROR,39
0.35,410.0,treatment-b,ERROR,39
0.36,463.0,treatment-b,ERROR,39
0.37,463.0,treatment-b,ERROR,39
0.38,463.0,treatment-b,ERROR,39
0.39,646.0,treatment-b,ERROR,39
0.4,646.0,treatment-b,ERROR,39
0.41,646.0,treatment-b,ERROR,39
0.42,708.0,treatment-b,ERROR,39
0.43,708.0,treatment-b,ERROR,39
0.44,732.0,treatment-b,ERROR,39
0.45,732.0,treatment-b,ERROR,39
0.46,732.0,treatment-b,ERROR,39
0.47,766.0,treatment-b,ERROR,39
0.48,766.0,treatment-b,ERROR,39
0.49,1032.0,treatment-b,ERROR,39
0.5,1032.0,treatment-b,ERROR,39
0.51,1032.0,treatment-b,ERROR,39
0.52,1320.0,treatment-b,ERROR,39
0.53,1320.0,treatment-b,ERROR,39
0.54,1739.0,treatment-b,ERROR,39
0.55,1739.0,treatment-b,ERROR,39
0.56,1739.0,treatment-b,ERROR,39
0.57,1788.0,treatment-b,ERROR,39
0.58,1788.0,treatment-b,ERROR,39
0.59,2114.0,treatment-b,ERROR,39
0.6,2114.0,treatment-b,ERROR,39
0.61,2114.0,treatment-b,ERROR,39
0.62,2158.0,treatment-b,ERROR,39
0.63,2158.0,treatment-b,ERROR,39
0.64,2158.0,treatment-b,ERROR,39
0.65,2183.0,treatment-b,ERROR,39
0.66,2183.0,treatment-b,ERROR,39
0.67,2188.0,treatment-b,ERROR,39
0.68,2188.0,treatment-b,ERROR,39
0.69,2188.0,treatment-b,ERROR,39
0.7,2203.0,treatment-b,ERROR,39
0.71,2203.0,treatment-b,ERROR,39
0.72,3702.0,treatment-b,ERROR,39
0.73,3702.0,treatment-b,ERROR,39
0.74,3702.0,treatment-b,ERROR,39
0.75,3957.0,treatment-b,ERROR,39
0.76,3957.0,treatment-b,ERROR,39
0.77,4159.0,treatment-b,ERROR,39
0.78,4159.0,treatment-b,ERROR,39
0.79,4159.0,treatment-b,ERROR,39
0.8,5421.0,treatment-b,ERROR,39
0.81,5421.0,treatment-b,ERROR,39
0.82,5421.0,treatment-b,ERROR,39
0.83,6931.0,treatment-b,ERROR,39
0.84,6931.0,treatment-b,ERROR,39
0.85,8161.0,treatment-b,ERROR,39
0.86,8161.0,treatment-b,ERROR,39
0.87,8161.0,treatment-b,ERROR,39
0.88,10462.0,treatment-b,ERROR,39
0.89,10462.0,treatment-b,ERROR,39
0.9,11192.0,treatment-b,ERROR,39
0.91,11192.0,treatment-b,ERROR,39
0.92,11192.0,treatment-b,ERROR,39
0.93,13362.0,treatment-b,ERROR,39
0.94,13362.0,treatment-b,ERROR,39
0.95,24363.0,treatment-b,ERROR,39
0.96,24363.0,treatment-b,ERROR,39
0.97,24363.0,treatment-b,ERROR,39
0.98,70051.0,treatment-b,ERROR,39
0.99,70051.0,treatment-b,ERROR,39
1.0,70051.0,treatment-b,ERROR,39
0.0,3.0,control,HISTORY,52018885
0.01,124.0,control,HISTORY,52018885
0.02,159.0,control,HISTORY,52018885
0.03,190.0,control,HISTORY,52018885
0.04,216.0,control,HISTORY,52018885
0.05,238.0,control,HISTORY,52018885
0.06,260.0,control,HISTORY,52018885
0.07,281.0,control,HISTORY,52018885
0.08,301.0,control,HISTORY,52018885
0.09,320.0,control,HISTORY,52018885
0.1,338.0,control,HISTORY,52018885
0.11,355.0,control,HISTORY,52018885
0.12,372.0,control,HISTORY,52018885
0.13,388.0,control,HISTORY,52018885
0.14,404.0,control,HISTORY,52018885
0.15,419.0,control,HISTORY,52018885
0.16,434.0,control,HISTORY,52018885
0.17,449.0,control,HISTORY,52018885
0.18,464.0,control,HISTORY,52018885
0.19,479.0,control,HISTORY,52018885
0.2,493.0,control,HISTORY,52018885
0.21,508.0,control,HISTORY,52018885
0.22,523.0,control,HISTORY,52018885
0.23,539.0,control,HISTORY,52018885
0.24,555.0,control,HISTORY,52018885
0.25,569.0,control,HISTORY,52018885
0.26,585.0,control,HISTORY,52018885
0.27,601.0,control,HISTORY,52018885
0.28,617.0,control,HISTORY,52018885
0.29,633.0,control,HISTORY,52018885
0.3,650.0,control,HISTORY,52018885
0.31,666.0,control,HISTORY,52018885
0.32,684.0,control,HISTORY,52018885
0.33,700.0,control,HISTORY,52018885
0.34,718.0,control,HISTORY,52018885
0.35,736.0,control,HISTORY,52018885
0.36,754.0,control,HISTORY,52018885
0.37,772.0,control,HISTORY,52018885
0.38,791.0,control,HISTORY,52018885
0.39,809.0,control,HISTORY,52018885
0.4,828.0,control,HISTORY,52018885
0.41,848.0,control,HISTORY,52018885
0.42,867.0,control,HISTORY,52018885
0.43,886.0,control,HISTORY,52018885
0.44,906.0,control,HISTORY,52018885
0.45,926.0,control,HISTORY,52018885
0.46,947.0,control,HISTORY,52018885
0.47,968.0,control,HISTORY,52018885
0.48,989.0,control,HISTORY,52018885
0.49,1010.0,control,HISTORY,52018885
0.5,1032.0,control,HISTORY,52018885
0.51,1054.0,control,HISTORY,52018885
0.52,1077.0,control,HISTORY,52018885
0.53,1100.0,control,HISTORY,52018885
0.54,1123.0,control,HISTORY,52018885
0.55,1147.0,control,HISTORY,52018885
0.56,1171.0,control,HISTORY,52018885
0.57,1196.0,control,HISTORY,52018885
0.58,1221.0,control,HISTORY,52018885
0.59,1248.0,control,HISTORY,52018885
0.6,1273.0,control,HISTORY,52018885
0.61,1302.0,control,HISTORY,52018885
0.62,1329.0,control,HISTORY,52018885
0.63,1358.0,control,HISTORY,52018885
0.64,1388.0,control,HISTORY,52018885
0.65,1420.0,control,HISTORY,52018885
0.66,1452.0,control,HISTORY,52018885
0.67,1485.0,control,HISTORY,52018885
0.68,1520.0,control,HISTORY,52018885
0.69,1556.0,control,HISTORY,52018885
0.7,1593.0,control,HISTORY,52018885
0.71,1633.0,control,HISTORY,52018885
0.72,1674.0,control,HISTORY,52018885
0.73,1717.0,control,HISTORY,52018885
0.74,1764.0,control,HISTORY,52018885
0.75,1811.0,control,HISTORY,52018885
0.76,1863.0,control,HISTORY,52018885
0.77,1916.0,control,HISTORY,52018885
0.78,1976.0,control,HISTORY,52018885
0.79,2038.0,control,HISTORY,52018885
0.8,2106.0,control,HISTORY,52018885
0.81,2177.0,control,HISTORY,52018885
0.82,2256.0,control,HISTORY,52018885
0.83,2340.0,control,HISTORY,52018885
0.84,2436.0,control,HISTORY,52018885
0.85,2538.0,control,HISTORY,52018885
0.86,2653.0,control,HISTORY,52018885
0.87,2780.0,control,HISTORY,52018885
0.88,2913.0,control,HISTORY,52018885
0.89,3069.0,control,HISTORY,52018885
0.9,3236.0,control,HISTORY,52018885
0.91,3438.0,control,HISTORY,52018885
0.92,3662.0,control,HISTORY,52018885
0.93,3948.0,control,HISTORY,52018885
0.94,4316.0,control,HISTORY,52018885
0.95,4785.0,control,HISTORY,52018885
0.96,5568.0,control,HISTORY,52018885
0.97,6742.0,control,HISTORY,52018885
0.98,9019.0,control,HISTORY,52018885
0.99,15101.0,control,HISTORY,52018885
1.0,1291987479.0,control,HISTORY,52018885
0.0,4.0,treatment-a,HISTORY,51841327
0.01,122.0,treatment-a,HISTORY,51841327
0.02,159.0,treatment-a,HISTORY,51841327
0.03,190.0,treatment-a,HISTORY,51841327
0.04,215.0,treatment-a,HISTORY,51841327
0.05,239.0,treatment-a,HISTORY,51841327
0.06,261.0,treatment-a,HISTORY,51841327
0.07,282.0,treatment-a,HISTORY,51841327
0.08,302.0,treatment-a,HISTORY,51841327
0.09,321.0,treatment-a,HISTORY,51841327
0.1,339.0,treatment-a,HISTORY,51841327
0.11,356.0,treatment-a,HISTORY,51841327
0.12,372.0,treatment-a,HISTORY,51841327
0.13,389.0,treatment-a,HISTORY,51841327
0.14,404.0,treatment-a,HISTORY,51841327
0.15,421.0,treatment-a,HISTORY,51841327
0.16,435.0,treatment-a,HISTORY,51841327
0.17,451.0,treatment-a,HISTORY,51841327
0.18,465.0,treatment-a,HISTORY,51841327
0.19,481.0,treatment-a,HISTORY,51841327
0.2,496.0,treatment-a,HISTORY,51841327
0.21,511.0,treatment-a,HISTORY,51841327
0.22,526.0,treatment-a,HISTORY,51841327
0.23,541.0,treatment-a,HISTORY,51841327
0.24,557.0,treatment-a,HISTORY,51841327
0.25,572.0,treatment-a,HISTORY,51841327
0.26,588.0,treatment-a,HISTORY,51841327
0.27,604.0,treatment-a,HISTORY,51841327
0.28,620.0,treatment-a,HISTORY,51841327
0.29,636.0,treatment-a,HISTORY,51841327
0.3,652.0,treatment-a,HISTORY,51841327
0.31,669.0,treatment-a,HISTORY,51841327
0.32,686.0,treatment-a,HISTORY,51841327
0.33,704.0,treatment-a,HISTORY,51841327
0.34,721.0,treatment-a,HISTORY,51841327
0.35,739.0,treatment-a,HISTORY,51841327
0.36,756.0,treatment-a,HISTORY,51841327
0.37,775.0,treatment-a,HISTORY,51841327
0.38,794.0,treatment-a,HISTORY,51841327
0.39,813.0,treatment-a,HISTORY,51841327
0.4,831.0,treatment-a,HISTORY,51841327
0.41,851.0,treatment-a,HISTORY,51841327
0.42,870.0,treatment-a,HISTORY,51841327
0.43,890.0,treatment-a,HISTORY,51841327
0.44,910.0,treatment-a,HISTORY,51841327
0.45,931.0,treatment-a,HISTORY,51841327
0.46,951.0,treatment-a,HISTORY,51841327
0.47,972.0,treatment-a,HISTORY,51841327
0.48,993.0,treatment-a,HISTORY,51841327
0.49,1014.0,treatment-a,HISTORY,51841327
0.5,1037.0,treatment-a,HISTORY,51841327
0.51,1058.0,treatment-a,HISTORY,51841327
0.52,1082.0,treatment-a,HISTORY,51841327
0.53,1104.0,treatment-a,HISTORY,51841327
0.54,1128.0,treatment-a,HISTORY,51841327
0.55,1151.0,treatment-a,HISTORY,51841327
0.56,1175.0,treatment-a,HISTORY,51841327
0.57,1200.0,treatment-a,HISTORY,51841327
0.58,1226.0,treatment-a,HISTORY,51841327
0.59,1251.0,treatment-a,HISTORY,51841327
0.6,1278.0,treatment-a,HISTORY,51841327
0.61,1305.0,treatment-a,HISTORY,51841327
0.62,1333.0,treatment-a,HISTORY,51841327
0.63,1363.0,treatment-a,HISTORY,51841327
0.64,1393.0,treatment-a,HISTORY,51841327
0.65,1424.0,treatment-a,HISTORY,51841327
0.66,1455.0,treatment-a,HISTORY,51841327
0.67,1489.0,treatment-a,HISTORY,51841327
0.68,1524.0,treatment-a,HISTORY,51841327
0.69,1560.0,treatment-a,HISTORY,51841327
0.7,1598.0,treatment-a,HISTORY,51841327
0.71,1636.0,treatment-a,HISTORY,51841327
0.72,1679.0,treatment-a,HISTORY,51841327
0.73,1722.0,treatment-a,HISTORY,51841327
0.74,1769.0,treatment-a,HISTORY,51841327
0.75,1816.0,treatment-a,HISTORY,51841327
0.76,1868.0,treatment-a,HISTORY,51841327
0.77,1922.0,treatment-a,HISTORY,51841327
0.78,1980.0,treatment-a,HISTORY,51841327
0.79,2042.0,treatment-a,HISTORY,51841327
0.8,2111.0,treatment-a,HISTORY,51841327
0.81,2184.0,treatment-a,HISTORY,51841327
0.82,2261.0,treatment-a,HISTORY,51841327
0.83,2349.0,treatment-a,HISTORY,51841327
0.84,2441.0,treatment-a,HISTORY,51841327
0.85,2548.0,treatment-a,HISTORY,51841327
0.86,2660.0,treatment-a,HISTORY,51841327
0.87,2788.0,treatment-a,HISTORY,51841327
0.88,2923.0,treatment-a,HISTORY,51841327
0.89,3075.0,treatment-a,HISTORY,51841327
0.9,3245.0,treatment-a,HISTORY,51841327
0.91,3443.0,treatment-a,HISTORY,51841327
0.92,3672.0,treatment-a,HISTORY,51841327
0.93,3959.0,treatment-a,HISTORY,51841327
0.94,4324.0,treatment-a,HISTORY,51841327
0.95,4821.0,treatment-a,HISTORY,51841327
0.96,5570.0,treatment-a,HISTORY,51841327
0.97,6807.0,treatment-a,HISTORY,51841327
0.98,9060.0,treatment-a,HISTORY,51841327
0.99,15603.0,treatment-a,HISTORY,51841327
1.0,1259861377.0,treatment-a,HISTORY,51841327
0.0,5.0,treatment-b,HISTORY,51887200
0.01,125.0,treatment-b,HISTORY,51887200
0.02,160.0,treatment-b,HISTORY,51887200
0.03,189.0,treatment-b,HISTORY,51887200
0.04,215.0,treatment-b,HISTORY,51887200
0.05,236.0,treatment-b,HISTORY,51887200
0.06,258.0,treatment-b,HISTORY,51887200
0.07,278.0,treatment-b,HISTORY,51887200
0.08,297.0,treatment-b,HISTORY,51887200
0.09,316.0,treatment-b,HISTORY,51887200
0.1,334.0,treatment-b,HISTORY,51887200
0.11,351.0,treatment-b,HISTORY,51887200
0.12,368.0,treatment-b,HISTORY,51887200
0.13,384.0,treatment-b,HISTORY,51887200
0.14,400.0,treatment-b,HISTORY,51887200
0.15,415.0,treatment-b,HISTORY,51887200
0.16,431.0,treatment-b,HISTORY,51887200
0.17,446.0,treatment-b,HISTORY,51887200
0.18,461.0,treatment-b,HISTORY,51887200
0.19,477.0,treatment-b,HISTORY,51887200
0.2,491.0,treatment-b,HISTORY,51887200
0.21,507.0,treatment-b,HISTORY,51887200
0.22,521.0,treatment-b,HISTORY,51887200
0.23,537.0,treatment-b,HISTORY,51887200
0.24,552.0,treatment-b,HISTORY,51887200
0.25,568.0,treatment-b,HISTORY,51887200
0.26,584.0,treatment-b,HISTORY,51887200
0.27,600.0,treatment-b,HISTORY,51887200
0.28,616.0,treatment-b,HISTORY,51887200
0.29,632.0,treatment-b,HISTORY,51887200
0.3,649.0,treatment-b,HISTORY,51887200
0.31,666.0,treatment-b,HISTORY,51887200
0.32,683.0,treatment-b,HISTORY,51887200
0.33,700.0,treatment-b,HISTORY,51887200
0.34,718.0,treatment-b,HISTORY,51887200
0.35,736.0,treatment-b,HISTORY,51887200
0.36,754.0,treatment-b,HISTORY,51887200
0.37,772.0,treatment-b,HISTORY,51887200
0.38,791.0,treatment-b,HISTORY,51887200
0.39,808.0,treatment-b,HISTORY,51887200
0.4,828.0,treatment-b,HISTORY,51887200
0.41,847.0,treatment-b,HISTORY,51887200
0.42,866.0,treatment-b,HISTORY,51887200
0.43,885.0,treatment-b,HISTORY,51887200
0.44,906.0,treatment-b,HISTORY,51887200
0.45,926.0,treatment-b,HISTORY,51887200
0.46,947.0,treatment-b,HISTORY,51887200
0.47,967.0,treatment-b,HISTORY,51887200
0.48,988.0,treatment-b,HISTORY,51887200
0.49,1010.0,treatment-b,HISTORY,51887200
0.5,1031.0,treatment-b,HISTORY,51887200
0.51,1054.0,treatment-b,HISTORY,51887200
0.52,1076.0,treatment-b,HISTORY,51887200
0.53,1100.0,treatment-b,HISTORY,51887200
0.54,1122.0,treatment-b,HISTORY,51887200
0.55,1146.0,treatment-b,HISTORY,51887200
0.56,1170.0,treatment-b,HISTORY,51887200
0.57,1196.0,treatment-b,HISTORY,51887200
0.58,1221.0,treatment-b,HISTORY,51887200
0.59,1247.0,treatment-b,HISTORY,51887200
0.6,1274.0,treatment-b,HISTORY,51887200
0.61,1301.0,treatment-b,HISTORY,51887200
0.62,1329.0,treatment-b,HISTORY,51887200
0.63,1358.0,treatment-b,HISTORY,51887200
0.64,1388.0,treatment-b,HISTORY,51887200
0.65,1420.0,treatment-b,HISTORY,51887200
0.66,1452.0,treatment-b,HISTORY,51887200
0.67,1486.0,treatment-b,HISTORY,51887200
0.68,1520.0,treatment-b,HISTORY,51887200
0.69,1556.0,treatment-b,HISTORY,51887200
0.7,1594.0,treatment-b,HISTORY,51887200
0.71,1634.0,treatment-b,HISTORY,51887200
0.72,1674.0,treatment-b,HISTORY,51887200
0.73,1718.0,treatment-b,HISTORY,51887200
0.74,1765.0,treatment-b,HISTORY,51887200
0.75,1812.0,treatment-b,HISTORY,51887200
0.76,1864.0,treatment-b,HISTORY,51887200
0.77,1918.0,treatment-b,HISTORY,51887200
0.78,1977.0,treatment-b,HISTORY,51887200
0.79,2039.0,treatment-b,HISTORY,51887200
0.8,2105.0,treatment-b,HISTORY,51887200
0.81,2177.0,treatment-b,HISTORY,51887200
0.82,2256.0,treatment-b,HISTORY,51887200
0.83,2343.0,treatment-b,HISTORY,51887200
0.84,2435.0,treatment-b,HISTORY,51887200
0.85,2539.0,treatment-b,HISTORY,51887200
0.86,2650.0,treatment-b,HISTORY,51887200
0.87,2777.0,treatment-b,HISTORY,51887200
0.88,2914.0,treatment-b,HISTORY,51887200
0.89,3068.0,treatment-b,HISTORY,51887200
0.9,3237.0,treatment-b,HISTORY,51887200
0.91,3435.0,treatment-b,HISTORY,51887200
0.92,3662.0,treatment-b,HISTORY,51887200
0.93,3948.0,treatment-b,HISTORY,51887200
0.94,4313.0,treatment-b,HISTORY,51887200
0.95,4814.0,treatment-b,HISTORY,51887200
0.96,5570.0,treatment-b,HISTORY,51887200
0.97,6782.0,treatment-b,HISTORY,51887200
0.98,9045.0,treatment-b,HISTORY,51887200
0.99,15707.0,treatment-b,HISTORY,51887200
1.0,1376180477.0,treatment-b,HISTORY,51887200
0.0,4.0,control,LINK,713645611
0.01,91.0,control,LINK,713645611
0.02,126.0,control,LINK,713645611
0.03,152.0,control,LINK,713645611
0.04,176.0,control,LINK,713645611
0.05,197.0,control,LINK,713645611
0.06,218.0,control,LINK,713645611
0.07,236.0,control,LINK,713645611
0.08,255.0,control,LINK,713645611
0.09,272.0,control,LINK,713645611
0.1,291.0,control,LINK,713645611
0.11,307.0,control,LINK,713645611
0.12,324.0,control,LINK,713645611
0.13,341.0,control,LINK,713645611
0.14,357.0,control,LINK,713645611
0.15,373.0,control,LINK,713645611
0.16,389.0,control,LINK,713645611
0.17,405.0,control,LINK,713645611
0.18,420.0,control,LINK,713645611
0.19,437.0,control,LINK,713645611
0.2,452.0,control,LINK,713645611
0.21,468.0,control,LINK,713645611
0.22,483.0,control,LINK,713645611
0.23,499.0,control,LINK,713645611
0.24,514.0,control,LINK,713645611
0.25,530.0,control,LINK,713645611
0.26,545.0,control,LINK,713645611
0.27,561.0,control,LINK,713645611
0.28,576.0,control,LINK,713645611
0.29,592.0,control,LINK,713645611
0.3,607.0,control,LINK,713645611
0.31,623.0,control,LINK,713645611
0.32,640.0,control,LINK,713645611
0.33,656.0,control,LINK,713645611
0.34,673.0,control,LINK,713645611
0.35,690.0,control,LINK,713645611
0.36,707.0,control,LINK,713645611
0.37,725.0,control,LINK,713645611
0.38,743.0,control,LINK,713645611
0.39,761.0,control,LINK,713645611
0.4,781.0,control,LINK,713645611
0.41,800.0,control,LINK,713645611
0.42,821.0,control,LINK,713645611
0.43,841.0,control,LINK,713645611
0.44,863.0,control,LINK,713645611
0.45,884.0,control,LINK,713645611
0.46,907.0,control,LINK,713645611
0.47,929.0,control,LINK,713645611
0.48,953.0,control,LINK,713645611
0.49,977.0,control,LINK,713645611
0.5,1002.0,control,LINK,713645611
0.51,1027.0,control,LINK,713645611
0.52,1053.0,control,LINK,713645611
0.53,1080.0,control,LINK,713645611
0.54,1106.0,control,LINK,713645611
0.55,1135.0,control,LINK,713645611
0.56,1163.0,control,LINK,713645611
0.57,1194.0,control,LINK,713645611
0.58,1224.0,control,LINK,713645611
0.59,1256.0,control,LINK,713645611
0.6,1287.0,control,LINK,713645611
0.61,1321.0,control,LINK,713645611
0.62,1354.0,control,LINK,713645611
0.63,1391.0,control,LINK,713645611
0.64,1427.0,control,LINK,713645611
0.65,1466.0,control,LINK,713645611
0.66,1504.0,control,LINK,713645611
0.67,1546.0,control,LINK,713645611
0.68,1589.0,control,LINK,713645611
0.69,1633.0,control,LINK,713645611
0.7,1679.0,control,LINK,713645611
0.71,1729.0,control,LINK,713645611
0.72,1780.0,control,LINK,713645611
0.73,1833.0,control,LINK,713645611
0.74,1891.0,control,LINK,713645611
0.75,1949.0,control,LINK,713645611
0.76,2013.0,control,LINK,713645611
0.77,2078.0,control,LINK,713645611
0.78,2151.0,control,LINK,713645611
0.79,2225.0,control,LINK,713645611
0.8,2310.0,control,LINK,713645611
0.81,2396.0,control,LINK,713645611
0.82,2488.0,control,LINK,713645611
0.83,2590.0,control,LINK,713645611
0.84,2698.0,control,LINK,713645611
0.85,2819.0,control,LINK,713645611
0.86,2948.0,control,LINK,713645611
0.87,3092.0,control,LINK,713645611
0.88,3243.0,control,LINK,713645611
0.89,3415.0,control,LINK,713645611
0.9,3605.0,control,LINK,713645611
0.91,3827.0,control,LINK,713645611
0.92,4089.0,control,LINK,713645611
0.93,4413.0,control,LINK,713645611
0.94,4803.0,control,LINK,713645611
0.95,5367.0,control,LINK,713645611
0.96,6100.0,control,LINK,713645611
0.97,7174.0,control,LINK,713645611
0.98,8966.0,control,LINK,713645611
0.99,13302.0,control,LINK,713645611
1.0,680499323.0,control,LINK,713645611
0.0,4.0,treatment-a,LINK,719298905
0.01,89.0,treatment-a,LINK,719298905
0.02,122.0,treatment-a,LINK,719298905
0.03,150.0,treatment-a,LINK,719298905
0.04,172.0,treatment-a,LINK,719298905
0.05,194.0,treatment-a,LINK,719298905
0.06,214.0,treatment-a,LINK,719298905
0.07,233.0,treatment-a,LINK,719298905
0.08,251.0,treatment-a,LINK,719298905
0.09,269.0,treatment-a,LINK,719298905
0.1,286.0,treatment-a,LINK,719298905
0.11,303.0,treatment-a,LINK,719298905
0.12,320.0,treatment-a,LINK,719298905
0.13,336.0,treatment-a,LINK,719298905
0.14,353.0,treatment-a,LINK,719298905
0.15,369.0,treatment-a,LINK,719298905
0.16,385.0,treatment-a,LINK,719298905
0.17,401.0,treatment-a,LINK,719298905
0.18,416.0,treatment-a,LINK,719298905
0.19,433.0,treatment-a,LINK,719298905
0.2,448.0,treatment-a,LINK,719298905
0.21,464.0,treatment-a,LINK,719298905
0.22,479.0,treatment-a,LINK,719298905
0.23,495.0,treatment-a,LINK,719298905
0.24,510.0,treatment-a,LINK,719298905
0.25,525.0,treatment-a,LINK,719298905
0.26,541.0,treatment-a,LINK,719298905
0.27,557.0,treatment-a,LINK,719298905
0.28,572.0,treatment-a,LINK,719298905
0.29,587.0,treatment-a,LINK,719298905
0.3,604.0,treatment-a,LINK,719298905
0.31,619.0,treatment-a,LINK,719298905
0.32,636.0,treatment-a,LINK,719298905
0.33,652.0,treatment-a,LINK,719298905
0.34,669.0,treatment-a,LINK,719298905
0.35,686.0,treatment-a,LINK,719298905
0.36,703.0,treatment-a,LINK,719298905
0.37,721.0,treatment-a,LINK,719298905
0.38,739.0,treatment-a,LINK,719298905
0.39,757.0,treatment-a,LINK,719298905
0.4,777.0,treatment-a,LINK,719298905
0.41,796.0,treatment-a,LINK,719298905
0.42,817.0,treatment-a,LINK,719298905
0.43,836.0,treatment-a,LINK,719298905
0.44,858.0,treatment-a,LINK,719298905
0.45,879.0,treatment-a,LINK,719298905
0.46,902.0,treatment-a,LINK,719298905
0.47,925.0,treatment-a,LINK,719298905
0.48,948.0,treatment-a,LINK,719298905
0.49,972.0,treatment-a,LINK,719298905
0.5,996.0,treatment-a,LINK,719298905
0.51,1022.0,treatment-a,LINK,719298905
0.52,1048.0,treatment-a,LINK,719298905
0.53,1075.0,treatment-a,LINK,719298905
0.54,1102.0,treatment-a,LINK,719298905
0.55,1130.0,treatment-a,LINK,719298905
0.56,1158.0,treatment-a,LINK,719298905
0.57,1188.0,treatment-a,LINK,719298905
0.58,1218.0,treatment-a,LINK,719298905
0.59,1250.0,treatment-a,LINK,719298905
0.6,1281.0,treatment-a,LINK,719298905
0.61,1315.0,treatment-a,LINK,719298905
0.62,1349.0,treatment-a,LINK,719298905
0.63,1385.0,treatment-a,LINK,719298905
0.64,1422.0,treatment-a,LINK,719298905
0.65,1461.0,treatment-a,LINK,719298905
0.66,1500.0,treatment-a,LINK,719298905
0.67,1541.0,treatment-a,LINK,719298905
0.68,1583.0,treatment-a,LINK,719298905
0.69,1628.0,treatment-a,LINK,719298905
0.7,1674.0,treatment-a,LINK,719298905
0.71,1723.0,treatment-a,LINK,719298905
0.72,1774.0,treatment-a,LINK,719298905
0.73,1830.0,treatment-a,LINK,719298905
0.74,1884.0,treatment-a,LINK,719298905
0.75,1946.0,treatment-a,LINK,719298905
0.76,2007.0,treatment-a,LINK,719298905
0.77,2075.0,treatment-a,LINK,719298905
0.78,2145.0,treatment-a,LINK,719298905
0.79,2222.0,treatment-a,LINK,719298905
0.8,2302.0,treatment-a,LINK,719298905
0.81,2389.0,treatment-a,LINK,719298905
0.82,2483.0,treatment-a,LINK,719298905
0.83,2584.0,treatment-a,LINK,719298905
0.84,2697.0,treatment-a,LINK,719298905
0.85,2812.0,treatment-a,LINK,719298905
0.86,2947.0,treatment-a,LINK,719298905
0.87,3083.0,treatment-a,LINK,719298905
0.88,3242.0,treatment-a,LINK,719298905
0.89,3412.0,treatment-a,LINK,719298905
0.9,3610.0,treatment-a,LINK,719298905
0.91,3829.0,treatment-a,LINK,719298905
0.92,4089.0,treatment-a,LINK,719298905
0.93,4416.0,treatment-a,LINK,719298905
0.94,4817.0,treatment-a,LINK,719298905
0.95,5366.0,treatment-a,LINK,719298905
0.96,6106.0,treatment-a,LINK,719298905
0.97,7189.0,treatment-a,LINK,719298905
0.98,9023.0,treatment-a,LINK,719298905
0.99,13422.0,treatment-a,LINK,719298905
1.0,858011538.0,treatment-a,LINK,719298905
0.0,0.0,treatment-b,LINK,718770387
0.01,90.0,treatment-b,LINK,718770387
0.02,126.0,treatment-b,LINK,718770387
0.03,152.0,treatment-b,LINK,718770387
0.04,175.0,treatment-b,LINK,718770387
0.05,196.0,treatment-b,LINK,718770387
0.06,216.0,treatment-b,LINK,718770387
0.07,235.0,treatment-b,LINK,718770387
0.08,253.0,treatment-b,LINK,718770387
0.09,271.0,treatment-b,LINK,718770387
0.1,288.0,treatment-b,LINK,718770387
0.11,306.0,treatment-b,LINK,718770387
0.12,322.0,treatment-b,LINK,718770387
0.13,338.0,treatment-b,LINK,718770387
0.14,354.0,treatment-b,LINK,718770387
0.15,370.0,treatment-b,LINK,718770387
0.16,386.0,treatment-b,LINK,718770387
0.17,402.0,treatment-b,LINK,718770387
0.18,418.0,treatment-b,LINK,718770387
0.19,433.0,treatment-b,LINK,718770387
0.2,449.0,treatment-b,LINK,718770387
0.21,465.0,treatment-b,LINK,718770387
0.22,480.0,treatment-b,LINK,718770387
0.23,495.0,treatment-b,LINK,718770387
0.24,510.0,treatment-b,LINK,718770387
0.25,525.0,treatment-b,LINK,718770387
0.26,541.0,treatment-b,LINK,718770387
0.27,556.0,treatment-b,LINK,718770387
0.28,572.0,treatment-b,LINK,718770387
0.29,587.0,treatment-b,LINK,718770387
0.3,603.0,treatment-b,LINK,718770387
0.31,619.0,treatment-b,LINK,718770387
0.32,635.0,treatment-b,LINK,718770387
0.33,651.0,treatment-b,LINK,718770387
0.34,668.0,treatment-b,LINK,718770387
0.35,685.0,treatment-b,LINK,718770387
0.36,702.0,treatment-b,LINK,718770387
0.37,720.0,treatment-b,LINK,718770387
0.38,737.0,treatment-b,LINK,718770387
0.39,757.0,treatment-b,LINK,718770387
0.4,775.0,treatment-b,LINK,718770387
0.41,795.0,treatment-b,LINK,718770387
0.42,815.0,treatment-b,LINK,718770387
0.43,836.0,treatment-b,LINK,718770387
0.44,856.0,treatment-b,LINK,718770387
0.45,878.0,treatment-b,LINK,718770387
0.46,900.0,treatment-b,LINK,718770387
0.47,923.0,treatment-b,LINK,718770387
0.48,946.0,treatment-b,LINK,718770387
0.49,970.0,treatment-b,LINK,718770387
0.5,994.0,treatment-b,LINK,718770387
0.51,1020.0,treatment-b,LINK,718770387
0.52,1046.0,treatment-b,LINK,718770387
0.53,1073.0,treatment-b,LINK,718770387
0.54,1100.0,treatment-b,LINK,718770387
0.55,1128.0,treatment-b,LINK,718770387
0.56,1156.0,treatment-b,LINK,718770387
0.57,1186.0,treatment-b,LINK,718770387
0.58,1216.0,treatment-b,LINK,718770387
0.59,1248.0,treatment-b,LINK,718770387
0.6,1280.0,treatment-b,LINK,718770387
0.61,1313.0,treatment-b,LINK,718770387
0.62,1348.0,treatment-b,LINK,718770387
0.63,1383.0,treatment-b,LINK,718770387
0.64,1420.0,treatment-b,LINK,718770387
0.65,1457.0,treatment-b,LINK,718770387
0.66,1498.0,treatment-b,LINK,718770387
0.67,1537.0,treatment-b,LINK,718770387
0.68,1581.0,treatment-b,LINK,718770387
0.69,1625.0,treatment-b,LINK,718770387
0.7,1673.0,treatment-b,LINK,718770387
0.71,1720.0,treatment-b,LINK,718770387
0.72,1772.0,treatment-b,LINK,718770387
0.73,1825.0,treatment-b,LINK,718770387
0.74,1881.0,treatment-b,LINK,718770387
0.75,1939.0,treatment-b,LINK,718770387
0.76,2004.0,treatment-b,LINK,718770387
0.77,2070.0,treatment-b,LINK,718770387
0.78,2142.0,treatment-b,LINK,718770387
0.79,2216.0,treatment-b,LINK,718770387
0.8,2298.0,treatment-b,LINK,718770387
0.81,2382.0,treatment-b,LINK,718770387
0.82,2478.0,treatment-b,LINK,718770387
0.83,2577.0,treatment-b,LINK,718770387
0.84,2689.0,treatment-b,LINK,718770387
0.85,2808.0,treatment-b,LINK,718770387
0.86,2935.0,treatment-b,LINK,718770387
0.87,3080.0,treatment-b,LINK,718770387
0.88,3229.0,treatment-b,LINK,718770387
0.89,3403.0,treatment-b,LINK,718770387
0.9,3591.0,treatment-b,LINK,718770387
0.91,3816.0,treatment-b,LINK,718770387
0.92,4075.0,treatment-b,LINK,718770387
0.93,4404.0,treatment-b,LINK,718770387
0.94,4794.0,treatment-b,LINK,718770387
0.95,5344.0,treatment-b,LINK,718770387
0.96,6078.0,treatment-b,LINK,718770387
0.97,7162.0,treatment-b,LINK,718770387
0.98,8937.0,treatment-b,LINK,718770387
0.99,13262.0,treatment-b,LINK,718770387
1.0,456288669.0,treatment-b,LINK,718770387
0.0,4.0,control,NORMAL,280249152
0.01,78.0,control,NORMAL,280249152
0.02,110.0,control,NORMAL,280249152
0.03,138.0,control,NORMAL,280249152
0.04,162.0,control,NORMAL,280249152
0.05,187.0,control,NORMAL,280249152
0.06,210.0,control,NORMAL,280249152
0.07,233.0,control,NORMAL,280249152
0.08,258.0,control,NORMAL,280249152
0.09,279.0,control,NORMAL,280249152
0.1,301.0,control,NORMAL,280249152
0.11,322.0,control,NORMAL,280249152
0.12,344.0,control,NORMAL,280249152
0.13,365.0,control,NORMAL,280249152
0.14,386.0,control,NORMAL,280249152
0.15,406.0,control,NORMAL,280249152
0.16,425.0,control,NORMAL,280249152
0.17,444.0,control,NORMAL,280249152
0.18,461.0,control,NORMAL,280249152
0.19,478.0,control,NORMAL,280249152
0.2,494.0,control,NORMAL,280249152
0.21,510.0,control,NORMAL,280249152
0.22,524.0,control,NORMAL,280249152
0.23,539.0,control,NORMAL,280249152
0.24,552.0,control,NORMAL,280249152
0.25,566.0,control,NORMAL,280249152
0.26,579.0,control,NORMAL,280249152
0.27,592.0,control,NORMAL,280249152
0.28,605.0,control,NORMAL,280249152
0.29,618.0,control,NORMAL,280249152
0.3,631.0,control,NORMAL,280249152
0.31,646.0,control,NORMAL,280249152
0.32,659.0,control,NORMAL,280249152
0.33,673.0,control,NORMAL,280249152
0.34,688.0,control,NORMAL,280249152
0.35,703.0,control,NORMAL,280249152
0.36,718.0,control,NORMAL,280249152
0.37,733.0,control,NORMAL,280249152
0.38,749.0,control,NORMAL,280249152
0.39,766.0,control,NORMAL,280249152
0.4,783.0,control,NORMAL,280249152
0.41,801.0,control,NORMAL,280249152
0.42,819.0,control,NORMAL,280249152
0.43,839.0,control,NORMAL,280249152
0.44,858.0,control,NORMAL,280249152
0.45,879.0,control,NORMAL,280249152
0.46,901.0,control,NORMAL,280249152
0.47,924.0,control,NORMAL,280249152
0.48,947.0,control,NORMAL,280249152
0.49,972.0,control,NORMAL,280249152
0.5,997.0,control,NORMAL,280249152
0.51,1024.0,control,NORMAL,280249152
0.52,1051.0,control,NORMAL,280249152
0.53,1079.0,control,NORMAL,280249152
0.54,1108.0,control,NORMAL,280249152
0.55,1140.0,control,NORMAL,280249152
0.56,1172.0,control,NORMAL,280249152
0.57,1206.0,control,NORMAL,280249152
0.58,1240.0,control,NORMAL,280249152
0.59,1276.0,control,NORMAL,280249152
0.6,1314.0,control,NORMAL,280249152
0.61,1351.0,control,NORMAL,280249152
0.62,1392.0,control,NORMAL,280249152
0.63,1432.0,control,NORMAL,280249152
0.64,1476.0,control,NORMAL,280249152
0.65,1519.0,control,NORMAL,280249152
0.66,1566.0,control,NORMAL,280249152
0.67,1613.0,control,NORMAL,280249152
0.68,1664.0,control,NORMAL,280249152
0.69,1714.0,control,NORMAL,280249152
0.7,1769.0,control,NORMAL,280249152
0.71,1822.0,control,NORMAL,280249152
0.72,1883.0,control,NORMAL,280249152
0.73,1944.0,control,NORMAL,280249152
0.74,2012.0,control,NORMAL,280249152
0.75,2079.0,control,NORMAL,280249152
0.76,2153.0,control,NORMAL,280249152
0.77,2228.0,control,NORMAL,280249152
0.78,2311.0,control,NORMAL,280249152
0.79,2397.0,control,NORMAL,280249152
0.8,2494.0,control,NORMAL,280249152
0.81,2590.0,control,NORMAL,280249152
0.82,2698.0,control,NORMAL,280249152
0.83,2809.0,control,NORMAL,280249152
0.84,2936.0,control,NORMAL,280249152
0.85,3067.0,control,NORMAL,280249152
0.86,3216.0,control,NORMAL,280249152
0.87,3365.0,control,NORMAL,280249152
0.88,3546.0,control,NORMAL,280249152
0.89,3733.0,control,NORMAL,280249152
0.9,3958.0,control,NORMAL,280249152
0.91,4210.0,control,NORMAL,280249152
0.92,4525.0,control,NORMAL,280249152
0.93,4885.0,control,NORMAL,280249152
0.94,5412.0,control,NORMAL,280249152
0.95,6065.0,control,NORMAL,280249152
0.96,7015.0,control,NORMAL,280249152
0.97,8376.0,control,NORMAL,280249152
0.98,10996.0,control,NORMAL,280249152
0.99,17165.0,control,NORMAL,280249152
1.0,1294985688.0,control,NORMAL,280249152
0.0,3.0,treatment-a,NORMAL,278631946
0.01,77.0,treatment-a,NORMAL,278631946
0.02,107.0,treatment-a,NORMAL,278631946
0.03,135.0,treatment-a,NORMAL,278631946
0.04,159.0,treatment-a,NORMAL,278631946
0.05,184.0,treatment-a,NORMAL,278631946
0.06,206.0,treatment-a,NORMAL,278631946
0.07,230.0,treatment-a,NORMAL,278631946
0.08,249.0,treatment-a,NORMAL,278631946
0.09,271.0,treatment-a,NORMAL,278631946
0.1,292.0,treatment-a,NORMAL,278631946
0.11,315.0,treatment-a,NORMAL,278631946
0.12,336.0,treatment-a,NORMAL,278631946
0.13,357.0,treatment-a,NORMAL,278631946
0.14,378.0,treatment-a,NORMAL,278631946
0.15,398.0,treatment-a,NORMAL,278631946
0.16,418.0,treatment-a,NORMAL,278631946
0.17,436.0,treatment-a,NORMAL,278631946
0.18,454.0,treatment-a,NORMAL,278631946
0.19,471.0,treatment-a,NORMAL,278631946
0.2,488.0,treatment-a,NORMAL,278631946
0.21,503.0,treatment-a,NORMAL,278631946
0.22,519.0,treatment-a,NORMAL,278631946
0.23,533.0,treatment-a,NORMAL,278631946
0.24,548.0,treatment-a,NORMAL,278631946
0.25,561.0,treatment-a,NORMAL,278631946
0.26,576.0,treatment-a,NORMAL,278631946
0.27,589.0,treatment-a,NORMAL,278631946
0.28,603.0,treatment-a,NORMAL,278631946
0.29,616.0,treatment-a,NORMAL,278631946
0.3,630.0,treatment-a,NORMAL,278631946
0.31,644.0,treatment-a,NORMAL,278631946
0.32,658.0,treatment-a,NORMAL,278631946
0.33,672.0,treatment-a,NORMAL,278631946
0.34,688.0,treatment-a,NORMAL,278631946
0.35,702.0,treatment-a,NORMAL,278631946
0.36,718.0,treatment-a,NORMAL,278631946
0.37,733.0,treatment-a,NORMAL,278631946
0.38,749.0,treatment-a,NORMAL,278631946
0.39,766.0,treatment-a,NORMAL,278631946
0.4,783.0,treatment-a,NORMAL,278631946
0.41,800.0,treatment-a,NORMAL,278631946
0.42,819.0,treatment-a,NORMAL,278631946
0.43,838.0,treatment-a,NORMAL,278631946
0.44,857.0,treatment-a,NORMAL,278631946
0.45,878.0,treatment-a,NORMAL,278631946
0.46,899.0,treatment-a,NORMAL,278631946
0.47,922.0,treatment-a,NORMAL,278631946
0.48,945.0,treatment-a,NORMAL,278631946
0.49,970.0,treatment-a,NORMAL,278631946
0.5,995.0,treatment-a,NORMAL,278631946
0.51,1022.0,treatment-a,NORMAL,278631946
0.52,1049.0,treatment-a,NORMAL,278631946
0.53,1078.0,treatment-a,NORMAL,278631946
0.54,1107.0,treatment-a,NORMAL,278631946
0.55,1140.0,treatment-a,NORMAL,278631946
0.56,1171.0,treatment-a,NORMAL,278631946
0.57,1205.0,treatment-a,NORMAL,278631946
0.58,1239.0,treatment-a,NORMAL,278631946
0.59,1275.0,treatment-a,NORMAL,278631946
0.6,1312.0,treatment-a,NORMAL,278631946
0.61,1351.0,treatment-a,NORMAL,278631946
0.62,1390.0,treatment-a,NORMAL,278631946
0.63,1432.0,treatment-a,NORMAL,278631946
0.64,1473.0,treatment-a,NORMAL,278631946
0.65,1517.0,treatment-a,NORMAL,278631946
0.66,1561.0,treatment-a,NORMAL,278631946
0.67,1609.0,treatment-a,NORMAL,278631946
0.68,1658.0,treatment-a,NORMAL,278631946
0.69,1709.0,treatment-a,NORMAL,278631946
0.7,1764.0,treatment-a,NORMAL,278631946
0.71,1818.0,treatment-a,NORMAL,278631946
0.72,1878.0,treatment-a,NORMAL,278631946
0.73,1938.0,treatment-a,NORMAL,278631946
0.74,2005.0,treatment-a,NORMAL,278631946
0.75,2072.0,treatment-a,NORMAL,278631946
0.76,2145.0,treatment-a,NORMAL,278631946
0.77,2220.0,treatment-a,NORMAL,278631946
0.78,2303.0,treatment-a,NORMAL,278631946
0.79,2386.0,treatment-a,NORMAL,278631946
0.8,2483.0,treatment-a,NORMAL,278631946
0.81,2577.0,treatment-a,NORMAL,278631946
0.82,2688.0,treatment-a,NORMAL,278631946
0.83,2798.0,treatment-a,NORMAL,278631946
0.84,2924.0,treatment-a,NORMAL,278631946
0.85,3054.0,treatment-a,NORMAL,278631946
0.86,3206.0,treatment-a,NORMAL,278631946
0.87,3360.0,treatment-a,NORMAL,278631946
0.88,3533.0,treatment-a,NORMAL,278631946
0.89,3723.0,treatment-a,NORMAL,278631946
0.9,3952.0,treatment-a,NORMAL,278631946
0.91,4207.0,treatment-a,NORMAL,278631946
0.92,4510.0,treatment-a,NORMAL,278631946
0.93,4872.0,treatment-a,NORMAL,278631946
0.94,5396.0,treatment-a,NORMAL,278631946
0.95,6040.0,treatment-a,NORMAL,278631946
0.96,6973.0,treatment-a,NORMAL,278631946
0.97,8318.0,treatment-a,NORMAL,278631946
0.98,10881.0,treatment-a,NORMAL,278631946
0.99,16963.0,treatment-a,NORMAL,278631946
1.0,976540228.0,treatment-a,NORMAL,278631946
0.0,3.0,treatment-b,NORMAL,280625392
0.01,76.0,treatment-b,NORMAL,280625392
0.02,105.0,treatment-b,NORMAL,280625392
0.03,132.0,treatment-b,NORMAL,280625392
0.04,157.0,treatment-b,NORMAL,280625392
0.05,182.0,treatment-b,NORMAL,280625392
0.06,206.0,treatment-b,NORMAL,280625392
0.07,229.0,treatment-b,NORMAL,280625392
0.08,252.0,treatment-b,NORMAL,280625392
0.09,274.0,treatment-b,NORMAL,280625392
0.1,297.0,treatment-b,NORMAL,280625392
0.11,318.0,treatment-b,NORMAL,280625392
0.12,341.0,treatment-b,NORMAL,280625392
0.13,361.0,treatment-b,NORMAL,280625392
0.14,382.0,treatment-b,NORMAL,280625392
0.15,401.0,treatment-b,NORMAL,280625392
0.16,420.0,treatment-b,NORMAL,280625392
0.17,437.0,treatment-b,NORMAL,280625392
0.18,455.0,treatment-b,NORMAL,280625392
0.19,471.0,treatment-b,NORMAL,280625392
0.2,487.0,treatment-b,NORMAL,280625392
0.21,503.0,treatment-b,NORMAL,280625392
0.22,518.0,treatment-b,NORMAL,280625392
0.23,533.0,treatment-b,NORMAL,280625392
0.24,546.0,treatment-b,NORMAL,280625392
0.25,560.0,treatment-b,NORMAL,280625392
0.26,574.0,treatment-b,NORMAL,280625392
0.27,588.0,treatment-b,NORMAL,280625392
0.28,601.0,treatment-b,NORMAL,280625392
0.29,615.0,treatment-b,NORMAL,280625392
0.3,628.0,treatment-b,NORMAL,280625392
0.31,642.0,treatment-b,NORMAL,280625392
0.32,656.0,treatment-b,NORMAL,280625392
0.33,671.0,treatment-b,NORMAL,280625392
0.34,685.0,treatment-b,NORMAL,280625392
0.35,700.0,treatment-b,NORMAL,280625392
0.36,715.0,treatment-b,NORMAL,280625392
0.37,731.0,treatment-b,NORMAL,280625392
0.38,747.0,treatment-b,NORMAL,280625392
0.39,764.0,treatment-b,NORMAL,280625392
0.4,781.0,treatment-b,NORMAL,280625392
0.41,799.0,treatment-b,NORMAL,280625392
0.42,817.0,treatment-b,NORMAL,280625392
0.43,836.0,treatment-b,NORMAL,280625392
0.44,855.0,treatment-b,NORMAL,280625392
0.45,876.0,treatment-b,NORMAL,280625392
0.46,897.0,treatment-b,NORMAL,280625392
0.47,920.0,treatment-b,NORMAL,280625392
0.48,943.0,treatment-b,NORMAL,280625392
0.49,968.0,treatment-b,NORMAL,280625392
0.5,992.0,treatment-b,NORMAL,280625392
0.51,1019.0,treatment-b,NORMAL,280625392
0.52,1045.0,treatment-b,NORMAL,280625392
0.53,1074.0,treatment-b,NORMAL,280625392
0.54,1104.0,treatment-b,NORMAL,280625392
0.55,1134.0,treatment-b,NORMAL,280625392
0.56,1167.0,treatment-b,NORMAL,280625392
0.57,1200.0,treatment-b,NORMAL,280625392
0.58,1234.0,treatment-b,NORMAL,280625392
0.59,1269.0,treatment-b,NORMAL,280625392
0.6,1307.0,treatment-b,NORMAL,280625392
0.61,1345.0,treatment-b,NORMAL,280625392
0.62,1386.0,treatment-b,NORMAL,280625392
0.63,1426.0,treatment-b,NORMAL,280625392
0.64,1469.0,treatment-b,NORMAL,280625392
0.65,1511.0,treatment-b,NORMAL,280625392
0.66,1558.0,treatment-b,NORMAL,280625392
0.67,1604.0,treatment-b,NORMAL,280625392
0.68,1655.0,treatment-b,NORMAL,280625392
0.69,1705.0,treatment-b,NORMAL,280625392
0.7,1760.0,treatment-b,NORMAL,280625392
0.71,1814.0,treatment-b,NORMAL,280625392
0.72,1874.0,treatment-b,NORMAL,280625392
0.73,1935.0,treatment-b,NORMAL,280625392
0.74,2002.0,treatment-b,NORMAL,280625392
0.75,2069.0,treatment-b,NORMAL,280625392
0.76,2143.0,treatment-b,NORMAL,280625392
0.77,2217.0,treatment-b,NORMAL,280625392
0.78,2301.0,treatment-b,NORMAL,280625392
0.79,2383.0,treatment-b,NORMAL,280625392
0.8,2477.0,treatment-b,NORMAL,280625392
0.81,2574.0,treatment-b,NORMAL,280625392
0.82,2683.0,treatment-b,NORMAL,280625392
0.83,2794.0,treatment-b,NORMAL,280625392
0.84,2918.0,treatment-b,NORMAL,280625392
0.85,3047.0,treatment-b,NORMAL,280625392
0.86,3196.0,treatment-b,NORMAL,280625392
0.87,3350.0,treatment-b,NORMAL,280625392
0.88,3522.0,treatment-b,NORMAL,280625392
0.89,3712.0,treatment-b,NORMAL,280625392
0.9,3939.0,treatment-b,NORMAL,280625392
0.91,4191.0,treatment-b,NORMAL,280625392
0.92,4497.0,treatment-b,NORMAL,280625392
0.93,4861.0,treatment-b,NORMAL,280625392
0.94,5376.0,treatment-b,NORMAL,280625392
0.95,6029.0,treatment-b,NORMAL,280625392
0.96,6966.0,treatment-b,NORMAL,280625392
0.97,8291.0,treatment-b,NORMAL,280625392
0.98,10856.0,treatment-b,NORMAL,280625392
0.99,16930.0,treatment-b,NORMAL,280625392
1.0,2031365583.0,treatment-b,NORMAL,280625392
0.0,17.0,control,OTHER,7995
0.01,49.0,control,OTHER,7995
0.02,54.0,control,OTHER,7995
0.03,55.0,control,OTHER,7995
0.04,57.0,control,OTHER,7995
0.05,58.0,control,OTHER,7995
0.06,59.0,control,OTHER,7995
0.07,60.0,control,OTHER,7995
0.08,62.0,control,OTHER,7995
0.09,63.0,control,OTHER,7995
0.1,64.0,control,OTHER,7995
0.11,65.0,control,OTHER,7995
0.12,66.0,control,OTHER,7995
0.13,68.0,control,OTHER,7995
0.14,69.0,control,OTHER,7995
0.15,70.0,control,OTHER,7995
0.16,72.0,control,OTHER,7995
0.17,74.0,control,OTHER,7995
0.18,78.0,control,OTHER,7995
0.19,83.0,control,OTHER,7995
0.2,94.0,control,OTHER,7995
0.21,105.0,control,OTHER,7995
0.22,115.0,control,OTHER,7995
0.23,127.0,control,OTHER,7995
0.24,139.0,control,OTHER,7995
0.25,152.0,control,OTHER,7995
0.26,160.0,control,OTHER,7995
0.27,167.0,control,OTHER,7995
0.28,172.0,control,OTHER,7995
0.29,178.0,control,OTHER,7995
0.3,185.0,control,OTHER,7995
0.31,191.0,control,OTHER,7995
0.32,198.0,control,OTHER,7995
0.33,203.0,control,OTHER,7995
0.34,210.0,control,OTHER,7995
0.35,216.0,control,OTHER,7995
0.36,226.0,control,OTHER,7995
0.37,235.0,control,OTHER,7995
0.38,245.0,control,OTHER,7995
0.39,255.0,control,OTHER,7995
0.4,267.0,control,OTHER,7995
0.41,274.0,control,OTHER,7995
0.42,281.0,control,OTHER,7995
0.43,289.0,control,OTHER,7995
0.44,297.0,control,OTHER,7995
0.45,306.0,control,OTHER,7995
0.46,313.0,control,OTHER,7995
0.47,323.0,control,OTHER,7995
0.48,331.0,control,OTHER,7995
0.49,339.0,control,OTHER,7995
0.5,349.0,control,OTHER,7995
0.51,358.0,control,OTHER,7995
0.52,368.0,control,OTHER,7995
0.53,379.0,control,OTHER,7995
0.54,391.0,control,OTHER,7995
0.55,405.0,control,OTHER,7995
0.56,416.0,control,OTHER,7995
0.57,428.0,control,OTHER,7995
0.58,440.0,control,OTHER,7995
0.59,454.0,control,OTHER,7995
0.6,467.0,control,OTHER,7995
0.61,483.0,control,OTHER,7995
0.62,497.0,control,OTHER,7995
0.63,511.0,control,OTHER,7995
0.64,530.0,control,OTHER,7995
0.65,549.0,control,OTHER,7995
0.66,565.0,control,OTHER,7995
0.67,583.0,control,OTHER,7995
0.68,600.0,control,OTHER,7995
0.69,621.0,control,OTHER,7995
0.7,646.0,control,OTHER,7995
0.71,668.0,control,OTHER,7995
0.72,686.0,control,OTHER,7995
0.73,710.0,control,OTHER,7995
0.74,730.0,control,OTHER,7995
0.75,756.0,control,OTHER,7995
0.76,784.0,control,OTHER,7995
0.77,807.0,control,OTHER,7995
0.78,839.0,control,OTHER,7995
0.79,870.0,control,OTHER,7995
0.8,902.0,control,OTHER,7995
0.81,934.0,control,OTHER,7995
0.82,968.0,control,OTHER,7995
0.83,1020.0,control,OTHER,7995
0.84,1064.0,control,OTHER,7995
0.85,1106.0,control,OTHER,7995
0.86,1158.0,control,OTHER,7995
0.87,1215.0,control,OTHER,7995
0.88,1279.0,control,OTHER,7995
0.89,1365.0,control,OTHER,7995
0.9,1470.0,control,OTHER,7995
0.91,1625.0,control,OTHER,7995
0.92,1754.0,control,OTHER,7995
0.93,1958.0,control,OTHER,7995
0.94,2200.0,control,OTHER,7995
0.95,2646.0,control,OTHER,7995
0.96,3216.0,control,OTHER,7995
0.97,3776.0,control,OTHER,7995
0.98,4722.0,control,OTHER,7995
0.99,6393.0,control,OTHER,7995
1.0,98739.0,control,OTHER,7995
0.0,19.0,treatment-a,OTHER,8915
0.01,37.0,treatment-a,OTHER,8915
0.02,44.0,treatment-a,OTHER,8915
0.03,49.0,treatment-a,OTHER,8915
0.04,52.0,treatment-a,OTHER,8915
0.05,54.0,treatment-a,OTHER,8915
0.06,55.0,treatment-a,OTHER,8915
0.07,56.0,treatment-a,OTHER,8915
0.08,58.0,treatment-a,OTHER,8915
0.09,59.0,treatment-a,OTHER,8915
0.1,61.0,treatment-a,OTHER,8915
0.11,62.0,treatment-a,OTHER,8915
0.12,63.0,treatment-a,OTHER,8915
0.13,64.0,treatment-a,OTHER,8915
0.14,66.0,treatment-a,OTHER,8915
0.15,68.0,treatment-a,OTHER,8915
0.16,70.0,treatment-a,OTHER,8915
0.17,72.0,treatment-a,OTHER,8915
0.18,75.0,treatment-a,OTHER,8915
0.19,81.0,treatment-a,OTHER,8915
0.2,89.0,treatment-a,OTHER,8915
0.21,99.0,treatment-a,OTHER,8915
0.22,105.0,treatment-a,OTHER,8915
0.23,110.0,treatment-a,OTHER,8915
0.24,116.0,treatment-a,OTHER,8915
0.25,123.0,treatment-a,OTHER,8915
0.26,130.0,treatment-a,OTHER,8915
0.27,136.0,treatment-a,OTHER,8915
0.28,142.0,treatment-a,OTHER,8915
0.29,147.0,treatment-a,OTHER,8915
0.3,154.0,treatment-a,OTHER,8915
0.31,162.0,treatment-a,OTHER,8915
0.32,170.0,treatment-a,OTHER,8915
0.33,176.0,treatment-a,OTHER,8915
0.34,184.0,treatment-a,OTHER,8915
0.35,194.0,treatment-a,OTHER,8915
0.36,205.0,treatment-a,OTHER,8915
0.37,216.0,treatment-a,OTHER,8915
0.38,226.0,treatment-a,OTHER,8915
0.39,235.0,treatment-a,OTHER,8915
0.4,245.0,treatment-a,OTHER,8915
0.41,256.0,treatment-a,OTHER,8915
0.42,265.0,treatment-a,OTHER,8915
0.43,277.0,treatment-a,OTHER,8915
0.44,286.0,treatment-a,OTHER,8915
0.45,299.0,treatment-a,OTHER,8915
0.46,310.0,treatment-a,OTHER,8915
0.47,320.0,treatment-a,OTHER,8915
0.48,330.0,treatment-a,OTHER,8915
0.49,340.0,treatment-a,OTHER,8915
0.5,349.0,treatment-a,OTHER,8915
0.51,357.0,treatment-a,OTHER,8915
0.52,366.0,treatment-a,OTHER,8915
0.53,375.0,treatment-a,OTHER,8915
0.54,387.0,treatment-a,OTHER,8915
0.55,397.0,treatment-a,OTHER,8915
0.56,409.0,treatment-a,OTHER,8915
0.57,422.0,treatment-a,OTHER,8915
0.58,434.0,treatment-a,OTHER,8915
0.59,448.0,treatment-a,OTHER,8915
0.6,462.0,treatment-a,OTHER,8915
0.61,472.0,treatment-a,OTHER,8915
0.62,488.0,treatment-a,OTHER,8915
0.63,503.0,treatment-a,OTHER,8915
0.64,516.0,treatment-a,OTHER,8915
0.65,531.0,treatment-a,OTHER,8915
0.66,546.0,treatment-a,OTHER,8915
0.67,563.0,treatment-a,OTHER,8915
0.68,579.0,treatment-a,OTHER,8915
0.69,598.0,treatment-a,OTHER,8915
0.7,620.0,treatment-a,OTHER,8915
0.71,641.0,treatment-a,OTHER,8915
0.72,661.0,treatment-a,OTHER,8915
0.73,687.0,treatment-a,OTHER,8915
0.74,714.0,treatment-a,OTHER,8915
0.75,735.0,treatment-a,OTHER,8915
0.76,760.0,treatment-a,OTHER,8915
0.77,789.0,treatment-a,OTHER,8915
0.78,811.0,treatment-a,OTHER,8915
0.79,840.0,treatment-a,OTHER,8915
0.8,878.0,treatment-a,OTHER,8915
0.81,911.0,treatment-a,OTHER,8915
0.82,953.0,treatment-a,OTHER,8915
0.83,992.0,treatment-a,OTHER,8915
0.84,1051.0,treatment-a,OTHER,8915
0.85,1116.0,treatment-a,OTHER,8915
0.86,1197.0,treatment-a,OTHER,8915
0.87,1262.0,treatment-a,OTHER,8915
0.88,1331.0,treatment-a,OTHER,8915
0.89,1410.0,treatment-a,OTHER,8915
0.9,1561.0,treatment-a,OTHER,8915
0.91,1723.0,treatment-a,OTHER,8915
0.92,1934.0,treatment-a,OTHER,8915
0.93,2048.0,treatment-a,OTHER,8915
0.94,2326.0,treatment-a,OTHER,8915
0.95,2754.0,treatment-a,OTHER,8915
0.96,3183.0,treatment-a,OTHER,8915
0.97,3633.0,treatment-a,OTHER,8915
0.98,4475.0,treatment-a,OTHER,8915
0.99,6660.0,treatment-a,OTHER,8915
1.0,21942227.0,treatment-a,OTHER,8915
0.0,15.0,treatment-b,OTHER,6946
0.01,21.0,treatment-b,OTHER,6946
0.02,27.0,treatment-b,OTHER,6946
0.03,45.0,treatment-b,OTHER,6946
0.04,48.0,treatment-b,OTHER,6946
0.05,49.0,treatment-b,OTHER,6946
0.06,51.0,treatment-b,OTHER,6946
0.07,53.0,treatment-b,OTHER,6946
0.08,54.0,treatment-b,OTHER,6946
0.09,56.0,treatment-b,OTHER,6946
0.1,58.0,treatment-b,OTHER,6946
0.11,61.0,treatment-b,OTHER,6946
0.12,67.0,treatment-b,OTHER,6946
0.13,72.0,treatment-b,OTHER,6946
0.14,81.0,treatment-b,OTHER,6946
0.15,90.0,treatment-b,OTHER,6946
0.16,101.0,treatment-b,OTHER,6946
0.17,112.0,treatment-b,OTHER,6946
0.18,123.0,treatment-b,OTHER,6946
0.19,133.0,treatment-b,OTHER,6946
0.2,141.0,treatment-b,OTHER,6946
0.21,150.0,treatment-b,OTHER,6946
0.22,160.0,treatment-b,OTHER,6946
0.23,169.0,treatment-b,OTHER,6946
0.24,181.0,treatment-b,OTHER,6946
0.25,190.0,treatment-b,OTHER,6946
0.26,198.0,treatment-b,OTHER,6946
0.27,208.0,treatment-b,OTHER,6946
0.28,217.0,treatment-b,OTHER,6946
0.29,227.0,treatment-b,OTHER,6946
0.3,236.0,treatment-b,OTHER,6946
0.31,244.0,treatment-b,OTHER,6946
0.32,253.0,treatment-b,OTHER,6946
0.33,262.0,treatment-b,OTHER,6946
0.34,271.0,treatment-b,OTHER,6946
0.35,283.0,treatment-b,OTHER,6946
0.36,292.0,treatment-b,OTHER,6946
0.37,299.0,treatment-b,OTHER,6946
0.38,306.0,treatment-b,OTHER,6946
0.39,311.0,treatment-b,OTHER,6946
0.4,317.0,treatment-b,OTHER,6946
0.41,323.0,treatment-b,OTHER,6946
0.42,329.0,treatment-b,OTHER,6946
0.43,337.0,treatment-b,OTHER,6946
0.44,344.0,treatment-b,OTHER,6946
0.45,355.0,treatment-b,OTHER,6946
0.46,366.0,treatment-b,OTHER,6946
0.47,379.0,treatment-b,OTHER,6946
0.48,392.0,treatment-b,OTHER,6946
0.49,404.0,treatment-b,OTHER,6946
0.5,420.0,treatment-b,OTHER,6946
0.51,435.0,treatment-b,OTHER,6946
0.52,450.0,treatment-b,OTHER,6946
0.53,464.0,treatment-b,OTHER,6946
0.54,477.0,treatment-b,OTHER,6946
0.55,491.0,treatment-b,OTHER,6946
0.56,508.0,treatment-b,OTHER,6946
0.57,520.0,treatment-b,OTHER,6946
0.58,535.0,treatment-b,OTHER,6946
0.59,550.0,treatment-b,OTHER,6946
0.6,566.0,treatment-b,OTHER,6946
0.61,582.0,treatment-b,OTHER,6946
0.62,603.0,treatment-b,OTHER,6946
0.63,624.0,treatment-b,OTHER,6946
0.64,653.0,treatment-b,OTHER,6946
0.65,672.0,treatment-b,OTHER,6946
0.66,691.0,treatment-b,OTHER,6946
0.67,711.0,treatment-b,OTHER,6946
0.68,732.0,treatment-b,OTHER,6946
0.69,754.0,treatment-b,OTHER,6946
0.7,777.0,treatment-b,OTHER,6946
0.71,798.0,treatment-b,OTHER,6946
0.72,821.0,treatment-b,OTHER,6946
0.73,845.0,treatment-b,OTHER,6946
0.74,868.0,treatment-b,OTHER,6946
0.75,896.0,treatment-b,OTHER,6946
0.76,927.0,treatment-b,OTHER,6946
0.77,956.0,treatment-b,OTHER,6946
0.78,989.0,treatment-b,OTHER,6946
0.79,1026.0,treatment-b,OTHER,6946
0.8,1060.0,treatment-b,OTHER,6946
0.81,1107.0,treatment-b,OTHER,6946
0.82,1151.0,treatment-b,OTHER,6946
0.83,1206.0,treatment-b,OTHER,6946
0.84,1266.0,treatment-b,OTHER,6946
0.85,1327.0,treatment-b,OTHER,6946
0.86,1390.0,treatment-b,OTHER,6946
0.87,1466.0,treatment-b,OTHER,6946
0.88,1586.0,treatment-b,OTHER,6946
0.89,1712.0,treatment-b,OTHER,6946
0.9,1864.0,treatment-b,OTHER,6946
0.91,1995.0,treatment-b,OTHER,6946
0.92,2128.0,treatment-b,OTHER,6946
0.93,2332.0,treatment-b,OTHER,6946
0.94,2655.0,treatment-b,OTHER,6946
0.95,2988.0,treatment-b,OTHER,6946
0.96,3326.0,treatment-b,OTHER,6946
0.97,3921.0,treatment-b,OTHER,6946
0.98,5095.0,treatment-b,OTHER,6946
0.99,8347.0,treatment-b,OTHER,6946
1.0,598395.0,treatment-b,OTHER,6946
0.0,3.0,control,RELOAD,116749727
0.01,22.0,control,RELOAD,116749727
0.02,31.0,control,RELOAD,116749727
0.03,38.0,control,RELOAD,116749727
0.04,44.0,control,RELOAD,116749727
0.05,51.0,control,RELOAD,116749727
0.06,58.0,control,RELOAD,116749727
0.07,65.0,control,RELOAD,116749727
0.08,75.0,control,RELOAD,116749727
0.09,86.0,control,RELOAD,116749727
0.1,96.0,control,RELOAD,116749727
0.11,104.0,control,RELOAD,116749727
0.12,112.0,control,RELOAD,116749727
0.13,120.0,control,RELOAD,116749727
0.14,127.0,control,RELOAD,116749727
0.15,134.0,control,RELOAD,116749727
0.16,140.0,control,RELOAD,116749727
0.17,148.0,control,RELOAD,116749727
0.18,157.0,control,RELOAD,116749727
0.19,167.0,control,RELOAD,116749727
0.2,177.0,control,RELOAD,116749727
0.21,185.0,control,RELOAD,116749727
0.22,188.0,control,RELOAD,116749727
0.23,193.0,control,RELOAD,116749727
0.24,200.0,control,RELOAD,116749727
0.25,209.0,control,RELOAD,116749727
0.26,218.0,control,RELOAD,116749727
0.27,227.0,control,RELOAD,116749727
0.28,237.0,control,RELOAD,116749727
0.29,248.0,control,RELOAD,116749727
0.3,260.0,control,RELOAD,116749727
0.31,272.0,control,RELOAD,116749727
0.32,285.0,control,RELOAD,116749727
0.33,298.0,control,RELOAD,116749727
0.34,307.0,control,RELOAD,116749727
0.35,319.0,control,RELOAD,116749727
0.36,333.0,control,RELOAD,116749727
0.37,347.0,control,RELOAD,116749727
0.38,363.0,control,RELOAD,116749727
0.39,377.0,control,RELOAD,116749727
0.4,392.0,control,RELOAD,116749727
0.41,407.0,control,RELOAD,116749727
0.42,424.0,control,RELOAD,116749727
0.43,440.0,control,RELOAD,116749727
0.44,455.0,control,RELOAD,116749727
0.45,473.0,control,RELOAD,116749727
0.46,490.0,control,RELOAD,116749727
0.47,508.0,control,RELOAD,116749727
0.48,526.0,control,RELOAD,116749727
0.49,545.0,control,RELOAD,116749727
0.5,564.0,control,RELOAD,116749727
0.51,584.0,control,RELOAD,116749727
0.52,603.0,control,RELOAD,116749727
0.53,623.0,control,RELOAD,116749727
0.54,644.0,control,RELOAD,116749727
0.55,667.0,control,RELOAD,116749727
0.56,692.0,control,RELOAD,116749727
0.57,716.0,control,RELOAD,116749727
0.58,742.0,control,RELOAD,116749727
0.59,769.0,control,RELOAD,116749727
0.6,798.0,control,RELOAD,116749727
0.61,828.0,control,RELOAD,116749727
0.62,858.0,control,RELOAD,116749727
0.63,890.0,control,RELOAD,116749727
0.64,922.0,control,RELOAD,116749727
0.65,955.0,control,RELOAD,116749727
0.66,988.0,control,RELOAD,116749727
0.67,1024.0,control,RELOAD,116749727
0.68,1062.0,control,RELOAD,116749727
0.69,1101.0,control,RELOAD,116749727
0.7,1143.0,control,RELOAD,116749727
0.71,1185.0,control,RELOAD,116749727
0.72,1229.0,control,RELOAD,116749727
0.73,1277.0,control,RELOAD,116749727
0.74,1324.0,control,RELOAD,116749727
0.75,1378.0,control,RELOAD,116749727
0.76,1433.0,control,RELOAD,116749727
0.77,1495.0,control,RELOAD,116749727
0.78,1557.0,control,RELOAD,116749727
0.79,1624.0,control,RELOAD,116749727
0.8,1698.0,control,RELOAD,116749727
0.81,1780.0,control,RELOAD,116749727
0.82,1867.0,control,RELOAD,116749727
0.83,1963.0,control,RELOAD,116749727
0.84,2067.0,control,RELOAD,116749727
0.85,2184.0,control,RELOAD,116749727
0.86,2311.0,control,RELOAD,116749727
0.87,2446.0,control,RELOAD,116749727
0.88,2600.0,control,RELOAD,116749727
0.89,2781.0,control,RELOAD,116749727
0.9,2994.0,control,RELOAD,116749727
0.91,3231.0,control,RELOAD,116749727
0.92,3514.0,control,RELOAD,116749727
0.93,3865.0,control,RELOAD,116749727
0.94,4282.0,control,RELOAD,116749727
0.95,4824.0,control,RELOAD,116749727
0.96,5549.0,control,RELOAD,116749727
0.97,6814.0,control,RELOAD,116749727
0.98,9167.0,control,RELOAD,116749727
0.99,15339.0,control,RELOAD,116749727
1.0,1205290273.0,control,RELOAD,116749727
0.0,3.0,treatment-a,RELOAD,116862056
0.01,28.0,treatment-a,RELOAD,116862056
0.02,42.0,treatment-a,RELOAD,116862056
0.03,53.0,treatment-a,RELOAD,116862056
0.04,64.0,treatment-a,RELOAD,116862056
0.05,71.0,treatment-a,RELOAD,116862056
0.06,75.0,treatment-a,RELOAD,116862056
0.07,79.0,treatment-a,RELOAD,116862056
0.08,84.0,treatment-a,RELOAD,116862056
0.09,90.0,treatment-a,RELOAD,116862056
0.1,96.0,treatment-a,RELOAD,116862056
0.11,101.0,treatment-a,RELOAD,116862056
0.12,107.0,treatment-a,RELOAD,116862056
0.13,115.0,treatment-a,RELOAD,116862056
0.14,123.0,treatment-a,RELOAD,116862056
0.15,132.0,treatment-a,RELOAD,116862056
0.16,140.0,treatment-a,RELOAD,116862056
0.17,151.0,treatment-a,RELOAD,116862056
0.18,162.0,treatment-a,RELOAD,116862056
0.19,173.0,treatment-a,RELOAD,116862056
0.2,182.0,treatment-a,RELOAD,116862056
0.21,187.0,treatment-a,RELOAD,116862056
0.22,190.0,treatment-a,RELOAD,116862056
0.23,196.0,treatment-a,RELOAD,116862056
0.24,205.0,treatment-a,RELOAD,116862056
0.25,216.0,treatment-a,RELOAD,116862056
0.26,228.0,treatment-a,RELOAD,116862056
0.27,240.0,treatment-a,RELOAD,116862056
0.28,254.0,treatment-a,RELOAD,116862056
0.29,267.0,treatment-a,RELOAD,116862056
0.3,280.0,treatment-a,RELOAD,116862056
0.31,292.0,treatment-a,RELOAD,116862056
0.32,305.0,treatment-a,RELOAD,116862056
0.33,318.0,treatment-a,RELOAD,116862056
0.34,331.0,treatment-a,RELOAD,116862056
0.35,345.0,treatment-a,RELOAD,116862056
0.36,360.0,treatment-a,RELOAD,116862056
0.37,377.0,treatment-a,RELOAD,116862056
0.38,393.0,treatment-a,RELOAD,116862056
0.39,409.0,treatment-a,RELOAD,116862056
0.4,426.0,treatment-a,RELOAD,116862056
0.41,443.0,treatment-a,RELOAD,116862056
0.42,460.0,treatment-a,RELOAD,116862056
0.43,478.0,treatment-a,RELOAD,116862056
0.44,496.0,treatment-a,RELOAD,116862056
0.45,514.0,treatment-a,RELOAD,116862056
0.46,532.0,treatment-a,RELOAD,116862056
0.47,551.0,treatment-a,RELOAD,116862056
0.48,570.0,treatment-a,RELOAD,116862056
0.49,590.0,treatment-a,RELOAD,116862056
0.5,611.0,treatment-a,RELOAD,116862056
0.51,632.0,treatment-a,RELOAD,116862056
0.52,654.0,treatment-a,RELOAD,116862056
0.53,677.0,treatment-a,RELOAD,116862056
0.54,700.0,treatment-a,RELOAD,116862056
0.55,724.0,treatment-a,RELOAD,116862056
0.56,748.0,treatment-a,RELOAD,116862056
0.57,774.0,treatment-a,RELOAD,116862056
0.58,800.0,treatment-a,RELOAD,116862056
0.59,828.0,treatment-a,RELOAD,116862056
0.6,857.0,treatment-a,RELOAD,116862056
0.61,887.0,treatment-a,RELOAD,116862056
0.62,918.0,treatment-a,RELOAD,116862056
0.63,950.0,treatment-a,RELOAD,116862056
0.64,984.0,treatment-a,RELOAD,116862056
0.65,1018.0,treatment-a,RELOAD,116862056
0.66,1054.0,treatment-a,RELOAD,116862056
0.67,1090.0,treatment-a,RELOAD,116862056
0.68,1129.0,treatment-a,RELOAD,116862056
0.69,1169.0,treatment-a,RELOAD,116862056
0.7,1212.0,treatment-a,RELOAD,116862056
0.71,1255.0,treatment-a,RELOAD,116862056
0.72,1302.0,treatment-a,RELOAD,116862056
0.73,1351.0,treatment-a,RELOAD,116862056
0.74,1398.0,treatment-a,RELOAD,116862056
0.75,1449.0,treatment-a,RELOAD,116862056
0.76,1503.0,treatment-a,RELOAD,116862056
0.77,1561.0,treatment-a,RELOAD,116862056
0.78,1622.0,treatment-a,RELOAD,116862056
0.79,1685.0,treatment-a,RELOAD,116862056
0.8,1752.0,treatment-a,RELOAD,116862056
0.81,1823.0,treatment-a,RELOAD,116862056
0.82,1902.0,treatment-a,RELOAD,116862056
0.83,1990.0,treatment-a,RELOAD,116862056
0.84,2086.0,treatment-a,RELOAD,116862056
0.85,2194.0,treatment-a,RELOAD,116862056
0.86,2313.0,treatment-a,RELOAD,116862056
0.87,2447.0,treatment-a,RELOAD,116862056
0.88,2595.0,treatment-a,RELOAD,116862056
0.89,2774.0,treatment-a,RELOAD,116862056
0.9,2973.0,treatment-a,RELOAD,116862056
0.91,3205.0,treatment-a,RELOAD,116862056
0.92,3469.0,treatment-a,RELOAD,116862056
0.93,3805.0,treatment-a,RELOAD,116862056
0.94,4216.0,treatment-a,RELOAD,116862056
0.95,4777.0,treatment-a,RELOAD,116862056
0.96,5598.0,treatment-a,RELOAD,116862056
0.97,6863.0,treatment-a,RELOAD,116862056
0.98,9174.0,treatment-a,RELOAD,116862056
0.99,15112.0,treatment-a,RELOAD,116862056
1.0,997066661.0,treatment-a,RELOAD,116862056
0.0,2.0,treatment-b,RELOAD,119351563
0.01,29.0,treatment-b,RELOAD,119351563
0.02,36.0,treatment-b,RELOAD,119351563
0.03,44.0,treatment-b,RELOAD,119351563
0.04,51.0,treatment-b,RELOAD,119351563
0.05,57.0,treatment-b,RELOAD,119351563
0.06,64.0,treatment-b,RELOAD,119351563
0.07,72.0,treatment-b,RELOAD,119351563
0.08,79.0,treatment-b,RELOAD,119351563
0.09,87.0,treatment-b,RELOAD,119351563
0.1,95.0,treatment-b,RELOAD,119351563
0.11,103.0,treatment-b,RELOAD,119351563
0.12,112.0,treatment-b,RELOAD,119351563
0.13,121.0,treatment-b,RELOAD,119351563
0.14,130.0,treatment-b,RELOAD,119351563
0.15,141.0,treatment-b,RELOAD,119351563
0.16,153.0,treatment-b,RELOAD,119351563
0.17,166.0,treatment-b,RELOAD,119351563
0.18,179.0,treatment-b,RELOAD,119351563
0.19,184.0,treatment-b,RELOAD,119351563
0.2,186.0,treatment-b,RELOAD,119351563
0.21,189.0,treatment-b,RELOAD,119351563
0.22,192.0,treatment-b,RELOAD,119351563
0.23,196.0,treatment-b,RELOAD,119351563
0.24,203.0,treatment-b,RELOAD,119351563
0.25,211.0,treatment-b,RELOAD,119351563
0.26,221.0,treatment-b,RELOAD,119351563
0.27,231.0,treatment-b,RELOAD,119351563
0.28,242.0,treatment-b,RELOAD,119351563
0.29,254.0,treatment-b,RELOAD,119351563
0.3,265.0,treatment-b,RELOAD,119351563
0.31,278.0,treatment-b,RELOAD,119351563
0.32,291.0,treatment-b,RELOAD,119351563
0.33,305.0,treatment-b,RELOAD,119351563
0.34,319.0,treatment-b,RELOAD,119351563
0.35,332.0,treatment-b,RELOAD,119351563
0.36,347.0,treatment-b,RELOAD,119351563
0.37,362.0,treatment-b,RELOAD,119351563
0.38,378.0,treatment-b,RELOAD,119351563
0.39,392.0,treatment-b,RELOAD,119351563
0.4,407.0,treatment-b,RELOAD,119351563
0.41,422.0,treatment-b,RELOAD,119351563
0.42,437.0,treatment-b,RELOAD,119351563
0.43,453.0,treatment-b,RELOAD,119351563
0.44,469.0,treatment-b,RELOAD,119351563
0.45,485.0,treatment-b,RELOAD,119351563
0.46,501.0,treatment-b,RELOAD,119351563
0.47,518.0,treatment-b,RELOAD,119351563
0.48,535.0,treatment-b,RELOAD,119351563
0.49,554.0,treatment-b,RELOAD,119351563
0.5,574.0,treatment-b,RELOAD,119351563
0.51,595.0,treatment-b,RELOAD,119351563
0.52,617.0,treatment-b,RELOAD,119351563
0.53,639.0,treatment-b,RELOAD,119351563
0.54,662.0,treatment-b,RELOAD,119351563
0.55,686.0,treatment-b,RELOAD,119351563
0.56,710.0,treatment-b,RELOAD,119351563
0.57,734.0,treatment-b,RELOAD,119351563
0.58,762.0,treatment-b,RELOAD,119351563
0.59,790.0,treatment-b,RELOAD,119351563
0.6,819.0,treatment-b,RELOAD,119351563
0.61,848.0,treatment-b,RELOAD,119351563
0.62,878.0,treatment-b,RELOAD,119351563
0.63,907.0,treatment-b,RELOAD,119351563
0.64,937.0,treatment-b,RELOAD,119351563
0.65,968.0,treatment-b,RELOAD,119351563
0.66,1000.0,treatment-b,RELOAD,119351563
0.67,1034.0,treatment-b,RELOAD,119351563
0.68,1071.0,treatment-b,RELOAD,119351563
0.69,1109.0,treatment-b,RELOAD,119351563
0.7,1147.0,treatment-b,RELOAD,119351563
0.71,1188.0,treatment-b,RELOAD,119351563
0.72,1232.0,treatment-b,RELOAD,119351563
0.73,1281.0,treatment-b,RELOAD,119351563
0.74,1329.0,treatment-b,RELOAD,119351563
0.75,1380.0,treatment-b,RELOAD,119351563
0.76,1436.0,treatment-b,RELOAD,119351563
0.77,1497.0,treatment-b,RELOAD,119351563
0.78,1561.0,treatment-b,RELOAD,119351563
0.79,1631.0,treatment-b,RELOAD,119351563
0.8,1703.0,treatment-b,RELOAD,119351563
0.81,1783.0,treatment-b,RELOAD,119351563
0.82,1869.0,treatment-b,RELOAD,119351563
0.83,1968.0,treatment-b,RELOAD,119351563
0.84,2072.0,treatment-b,RELOAD,119351563
0.85,2187.0,treatment-b,RELOAD,119351563
0.86,2309.0,treatment-b,RELOAD,119351563
0.87,2449.0,treatment-b,RELOAD,119351563
0.88,2611.0,treatment-b,RELOAD,119351563
0.89,2778.0,treatment-b,RELOAD,119351563
0.9,2980.0,treatment-b,RELOAD,119351563
0.91,3210.0,treatment-b,RELOAD,119351563
0.92,3473.0,treatment-b,RELOAD,119351563
0.93,3794.0,treatment-b,RELOAD,119351563
0.94,4213.0,treatment-b,RELOAD,119351563
0.95,4740.0,treatment-b,RELOAD,119351563
0.96,5578.0,treatment-b,RELOAD,119351563
0.97,6715.0,treatment-b,RELOAD,119351563
0.98,8999.0,treatment-b,RELOAD,119351563
0.99,14796.0,treatment-b,RELOAD,119351563
1.0,1727646227.0,treatment-b,RELOAD,119351563
0.0,4.0,control,STOP,203506032
0.01,95.0,control,STOP,203506032
0.02,131.0,control,STOP,203506032
0.03,159.0,control,STOP,203506032
0.04,184.0,control,STOP,203506032
0.05,209.0,control,STOP,203506032
0.06,231.0,control,STOP,203506032
0.07,253.0,control,STOP,203506032
0.08,274.0,control,STOP,203506032
0.09,295.0,control,STOP,203506032
0.1,316.0,control,STOP,203506032
0.11,336.0,control,STOP,203506032
0.12,356.0,control,STOP,203506032
0.13,377.0,control,STOP,203506032
0.14,397.0,control,STOP,203506032
0.15,417.0,control,STOP,203506032
0.16,437.0,control,STOP,203506032
0.17,457.0,control,STOP,203506032
0.18,478.0,control,STOP,203506032
0.19,498.0,control,STOP,203506032
0.2,518.0,control,STOP,203506032
0.21,538.0,control,STOP,203506032
0.22,558.0,control,STOP,203506032
0.23,579.0,control,STOP,203506032
0.24,600.0,control,STOP,203506032
0.25,621.0,control,STOP,203506032
0.26,642.0,control,STOP,203506032
0.27,664.0,control,STOP,203506032
0.28,685.0,control,STOP,203506032
0.29,707.0,control,STOP,203506032
0.3,729.0,control,STOP,203506032
0.31,751.0,control,STOP,203506032
0.32,774.0,control,STOP,203506032
0.33,796.0,control,STOP,203506032
0.34,820.0,control,STOP,203506032
0.35,843.0,control,STOP,203506032
0.36,867.0,control,STOP,203506032
0.37,890.0,control,STOP,203506032
0.38,915.0,control,STOP,203506032
0.39,940.0,control,STOP,203506032
0.4,965.0,control,STOP,203506032
0.41,991.0,control,STOP,203506032
0.42,1016.0,control,STOP,203506032
0.43,1043.0,control,STOP,203506032
0.44,1069.0,control,STOP,203506032
0.45,1097.0,control,STOP,203506032
0.46,1123.0,control,STOP,203506032
0.47,1151.0,control,STOP,203506032
0.48,1179.0,control,STOP,203506032
0.49,1208.0,control,STOP,203506032
0.5,1237.0,control,STOP,203506032
0.51,1266.0,control,STOP,203506032
0.52,1297.0,control,STOP,203506032
0.53,1328.0,control,STOP,203506032
0.54,1361.0,control,STOP,203506032
0.55,1393.0,control,STOP,203506032
0.56,1426.0,control,STOP,203506032
0.57,1461.0,control,STOP,203506032
0.58,1496.0,control,STOP,203506032
0.59,1533.0,control,STOP,203506032
0.6,1569.0,control,STOP,203506032
0.61,1609.0,control,STOP,203506032
0.62,1649.0,control,STOP,203506032
0.63,1690.0,control,STOP,203506032
0.64,1733.0,control,STOP,203506032
0.65,1778.0,control,STOP,203506032
0.66,1824.0,control,STOP,203506032
0.67,1873.0,control,STOP,203506032
0.68,1922.0,control,STOP,203506032
0.69,1975.0,control,STOP,203506032
0.7,2030.0,control,STOP,203506032
0.71,2086.0,control,STOP,203506032
0.72,2146.0,control,STOP,203506032
0.73,2207.0,control,STOP,203506032
0.74,2275.0,control,STOP,203506032
0.75,2345.0,control,STOP,203506032
0.76,2418.0,control,STOP,203506032
0.77,2497.0,control,STOP,203506032
0.78,2578.0,control,STOP,203506032
0.79,2670.0,control,STOP,203506032
0.8,2763.0,control,STOP,203506032
0.81,2868.0,control,STOP,203506032
0.82,2975.0,control,STOP,203506032
0.83,3095.0,control,STOP,203506032
0.84,3217.0,control,STOP,203506032
0.85,3356.0,control,STOP,203506032
0.86,3504.0,control,STOP,203506032
0.87,3673.0,control,STOP,203506032
0.88,3856.0,control,STOP,203506032
0.89,4057.0,control,STOP,203506032
0.9,4293.0,control,STOP,203506032
0.91,4559.0,control,STOP,203506032
0.92,4884.0,control,STOP,203506032
0.93,5292.0,control,STOP,203506032
0.94,5829.0,control,STOP,203506032
0.95,6475.0,control,STOP,203506032
0.96,7402.0,control,STOP,203506032
0.97,8707.0,control,STOP,203506032
0.98,11051.0,control,STOP,203506032
0.99,16331.0,control,STOP,203506032
1.0,1277122162.0,control,STOP,203506032
0.0,-1987557317.0,treatment-a,STOP,204632455
0.01,94.0,treatment-a,STOP,204632455
0.02,129.0,treatment-a,STOP,204632455
0.03,158.0,treatment-a,STOP,204632455
0.04,183.0,treatment-a,STOP,204632455
0.05,209.0,treatment-a,STOP,204632455
0.06,232.0,treatment-a,STOP,204632455
0.07,254.0,treatment-a,STOP,204632455
0.08,275.0,treatment-a,STOP,204632455
0.09,297.0,treatment-a,STOP,204632455
0.1,317.0,treatment-a,STOP,204632455
0.11,337.0,treatment-a,STOP,204632455
0.12,357.0,treatment-a,STOP,204632455
0.13,377.0,treatment-a,STOP,204632455
0.14,396.0,treatment-a,STOP,204632455
0.15,417.0,treatment-a,STOP,204632455
0.16,436.0,treatment-a,STOP,204632455
0.17,456.0,treatment-a,STOP,204632455
0.18,476.0,treatment-a,STOP,204632455
0.19,496.0,treatment-a,STOP,204632455
0.2,516.0,treatment-a,STOP,204632455
0.21,536.0,treatment-a,STOP,204632455
0.22,557.0,treatment-a,STOP,204632455
0.23,577.0,treatment-a,STOP,204632455
0.24,598.0,treatment-a,STOP,204632455
0.25,618.0,treatment-a,STOP,204632455
0.26,640.0,treatment-a,STOP,204632455
0.27,661.0,treatment-a,STOP,204632455
0.28,683.0,treatment-a,STOP,204632455
0.29,704.0,treatment-a,STOP,204632455
0.3,727.0,treatment-a,STOP,204632455
0.31,750.0,treatment-a,STOP,204632455
0.32,772.0,treatment-a,STOP,204632455
0.33,795.0,treatment-a,STOP,204632455
0.34,819.0,treatment-a,STOP,204632455
0.35,842.0,treatment-a,STOP,204632455
0.36,867.0,treatment-a,STOP,204632455
0.37,891.0,treatment-a,STOP,204632455
0.38,916.0,treatment-a,STOP,204632455
0.39,940.0,treatment-a,STOP,204632455
0.4,966.0,treatment-a,STOP,204632455
0.41,991.0,treatment-a,STOP,204632455
0.42,1017.0,treatment-a,STOP,204632455
0.43,1044.0,treatment-a,STOP,204632455
0.44,1071.0,treatment-a,STOP,204632455
0.45,1098.0,treatment-a,STOP,204632455
0.46,1126.0,treatment-a,STOP,204632455
0.47,1154.0,treatment-a,STOP,204632455
0.48,1182.0,treatment-a,STOP,204632455
0.49,1211.0,treatment-a,STOP,204632455
0.5,1241.0,treatment-a,STOP,204632455
0.51,1270.0,treatment-a,STOP,204632455
0.52,1301.0,treatment-a,STOP,204632455
0.53,1332.0,treatment-a,STOP,204632455
0.54,1365.0,treatment-a,STOP,204632455
0.55,1398.0,treatment-a,STOP,204632455
0.56,1431.0,treatment-a,STOP,204632455
0.57,1465.0,treatment-a,STOP,204632455
0.58,1500.0,treatment-a,STOP,204632455
0.59,1537.0,treatment-a,STOP,204632455
0.6,1574.0,treatment-a,STOP,204632455
0.61,1614.0,treatment-a,STOP,204632455
0.62,1653.0,treatment-a,STOP,204632455
0.63,1695.0,treatment-a,STOP,204632455
0.64,1737.0,treatment-a,STOP,204632455
0.65,1784.0,treatment-a,STOP,204632455
0.66,1828.0,treatment-a,STOP,204632455
0.67,1878.0,treatment-a,STOP,204632455
0.68,1927.0,treatment-a,STOP,204632455
0.69,1979.0,treatment-a,STOP,204632455
0.7,2035.0,treatment-a,STOP,204632455
0.71,2090.0,treatment-a,STOP,204632455
0.72,2149.0,treatment-a,STOP,204632455
0.73,2211.0,treatment-a,STOP,204632455
0.74,2277.0,treatment-a,STOP,204632455
0.75,2345.0,treatment-a,STOP,204632455
0.76,2422.0,treatment-a,STOP,204632455
0.77,2497.0,treatment-a,STOP,204632455
0.78,2579.0,treatment-a,STOP,204632455
0.79,2666.0,treatment-a,STOP,204632455
0.8,2761.0,treatment-a,STOP,204632455
0.81,2861.0,treatment-a,STOP,204632455
0.82,2968.0,treatment-a,STOP,204632455
0.83,3087.0,treatment-a,STOP,204632455
0.84,3212.0,treatment-a,STOP,204632455
0.85,3349.0,treatment-a,STOP,204632455
0.86,3495.0,treatment-a,STOP,204632455
0.87,3663.0,treatment-a,STOP,204632455
0.88,3841.0,treatment-a,STOP,204632455
0.89,4050.0,treatment-a,STOP,204632455
0.9,4279.0,treatment-a,STOP,204632455
0.91,4550.0,treatment-a,STOP,204632455
0.92,4868.0,treatment-a,STOP,204632455
0.93,5275.0,treatment-a,STOP,204632455
0.94,5793.0,treatment-a,STOP,204632455
0.95,6444.0,treatment-a,STOP,204632455
0.96,7358.0,treatment-a,STOP,204632455
0.97,8668.0,treatment-a,STOP,204632455
0.98,11020.0,treatment-a,STOP,204632455
0.99,16055.0,treatment-a,STOP,204632455
1.0,1582467228.0,treatment-a,STOP,204632455
0.0,5.0,treatment-b,STOP,204936576
0.01,96.0,treatment-b,STOP,204936576
0.02,131.0,treatment-b,STOP,204936576
0.03,159.0,treatment-b,STOP,204936576
0.04,184.0,treatment-b,STOP,204936576
0.05,207.0,treatment-b,STOP,204936576
0.06,228.0,treatment-b,STOP,204936576
0.07,250.0,treatment-b,STOP,204936576
0.08,272.0,treatment-b,STOP,204936576
0.09,293.0,treatment-b,STOP,204936576
0.1,315.0,treatment-b,STOP,204936576
0.11,335.0,treatment-b,STOP,204936576
0.12,355.0,treatment-b,STOP,204936576
0.13,375.0,treatment-b,STOP,204936576
0.14,395.0,treatment-b,STOP,204936576
0.15,415.0,treatment-b,STOP,204936576
0.16,435.0,treatment-b,STOP,204936576
0.17,455.0,treatment-b,STOP,204936576
0.18,474.0,treatment-b,STOP,204936576
0.19,495.0,treatment-b,STOP,204936576
0.2,514.0,treatment-b,STOP,204936576
0.21,535.0,treatment-b,STOP,204936576
0.22,555.0,treatment-b,STOP,204936576
0.23,576.0,treatment-b,STOP,204936576
0.24,596.0,treatment-b,STOP,204936576
0.25,617.0,treatment-b,STOP,204936576
0.26,638.0,treatment-b,STOP,204936576
0.27,660.0,treatment-b,STOP,204936576
0.28,681.0,treatment-b,STOP,204936576
0.29,703.0,treatment-b,STOP,204936576
0.3,725.0,treatment-b,STOP,204936576
0.31,748.0,treatment-b,STOP,204936576
0.32,771.0,treatment-b,STOP,204936576
0.33,794.0,treatment-b,STOP,204936576
0.34,818.0,treatment-b,STOP,204936576
0.35,841.0,treatment-b,STOP,204936576
0.36,866.0,treatment-b,STOP,204936576
0.37,890.0,treatment-b,STOP,204936576
0.38,915.0,treatment-b,STOP,204936576
0.39,939.0,treatment-b,STOP,204936576
0.4,965.0,treatment-b,STOP,204936576
0.41,990.0,treatment-b,STOP,204936576
0.42,1017.0,treatment-b,STOP,204936576
0.43,1042.0,treatment-b,STOP,204936576
0.44,1069.0,treatment-b,STOP,204936576
0.45,1096.0,treatment-b,STOP,204936576
0.46,1123.0,treatment-b,STOP,204936576
0.47,1151.0,treatment-b,STOP,204936576
0.48,1179.0,treatment-b,STOP,204936576
0.49,1207.0,treatment-b,STOP,204936576
0.5,1236.0,treatment-b,STOP,204936576
0.51,1266.0,treatment-b,STOP,204936576
0.52,1296.0,treatment-b,STOP,204936576
0.53,1327.0,treatment-b,STOP,204936576
0.54,1358.0,treatment-b,STOP,204936576
0.55,1391.0,treatment-b,STOP,204936576
0.56,1424.0,treatment-b,STOP,204936576
0.57,1457.0,treatment-b,STOP,204936576
0.58,1492.0,treatment-b,STOP,204936576
0.59,1529.0,treatment-b,STOP,204936576
0.6,1565.0,treatment-b,STOP,204936576
0.61,1604.0,treatment-b,STOP,204936576
0.62,1643.0,treatment-b,STOP,204936576
0.63,1684.0,treatment-b,STOP,204936576
0.64,1727.0,treatment-b,STOP,204936576
0.65,1772.0,treatment-b,STOP,204936576
0.66,1817.0,treatment-b,STOP,204936576
0.67,1865.0,treatment-b,STOP,204936576
0.68,1915.0,treatment-b,STOP,204936576
0.69,1967.0,treatment-b,STOP,204936576
0.7,2022.0,treatment-b,STOP,204936576
0.71,2079.0,treatment-b,STOP,204936576
0.72,2137.0,treatment-b,STOP,204936576
0.73,2201.0,treatment-b,STOP,204936576
0.74,2267.0,treatment-b,STOP,204936576
0.75,2338.0,treatment-b,STOP,204936576
0.76,2412.0,treatment-b,STOP,204936576
0.77,2491.0,treatment-b,STOP,204936576
0.78,2572.0,treatment-b,STOP,204936576
0.79,2661.0,treatment-b,STOP,204936576
0.8,2757.0,treatment-b,STOP,204936576
0.81,2859.0,treatment-b,STOP,204936576
0.82,2965.0,treatment-b,STOP,204936576
0.83,3086.0,treatment-b,STOP,204936576
0.84,3209.0,treatment-b,STOP,204936576
0.85,3346.0,treatment-b,STOP,204936576
0.86,3498.0,treatment-b,STOP,204936576
0.87,3663.0,treatment-b,STOP,204936576
0.88,3848.0,treatment-b,STOP,204936576
0.89,4054.0,treatment-b,STOP,204936576
0.9,4298.0,treatment-b,STOP,204936576
0.91,4562.0,treatment-b,STOP,204936576
0.92,4889.0,treatment-b,STOP,204936576
0.93,5291.0,treatment-b,STOP,204936576
0.94,5834.0,treatment-b,STOP,204936576
0.95,6490.0,treatment-b,STOP,204936576
0.96,7398.0,treatment-b,STOP,204936576
0.97,8739.0,treatment-b,STOP,204936576
0.98,11120.0,treatment-b,STOP,204936576
0.99,16270.0,treatment-b,STOP,204936576
1.0,1550028564.0,treatment-b,STOP,204936576
